model,lambda,sum_to_one_constraint,positive_weights_constraint,feature_name,feature_type,donor_name,weight,abs_weight,abs_weight_share,abs_weight_rank
SCM,0.01,True,False,treated__treated_lag_1,treated_lag,,0.13512882605716833,0.13512882605716833,0.02298008792570773,1
SCM,0.01,True,False,treated__treated_lag_3,treated_lag,,0.11206772652820281,0.11206772652820281,0.019058303726865337,2
SCM,0.01,True,False,netconsumption_157,current_donor,netconsumption_157,0.1054269530489833,0.1054269530489833,0.017928969868946598,3
SCM,0.01,True,False,netconsumption_75,current_donor,netconsumption_75,0.08521483392664198,0.08521483392664198,0.014491684959805315,4
SCM,0.01,True,False,netconsumption_282,current_donor,netconsumption_282,0.07322539412099063,0.07322539412099063,0.012452753749100607,5
SCM,0.01,True,False,netconsumption_95,current_donor,netconsumption_95,0.055155563070351486,0.055155563070351486,0.009379787614023735,6
SCM,0.01,True,False,netconsumption_193,current_donor,netconsumption_193,0.05440864415462263,0.05440864415462263,0.009252766142309316,7
SCM,0.01,True,False,netconsumption_95__donor_lag_1,donor_lag,netconsumption_95,-0.043264377987706805,0.043264377987706805,0.0073575656595132165,8
SCM,0.01,True,False,netconsumption_115,current_donor,netconsumption_115,0.04001220878358579,0.04001220878358579,0.0068044998449078116,9
SCM,0.01,True,False,netconsumption_36,current_donor,netconsumption_36,0.03957389025747612,0.03957389025747612,0.006729959137618566,10
SCM,0.01,True,False,netconsumption_170,current_donor,netconsumption_170,-0.037789490627054875,0.037789490627054875,0.006426503083139616,11
SCM,0.01,True,False,netconsumption_81,current_donor,netconsumption_81,0.03636398421144702,0.03636398421144702,0.006184080620626177,12
SCM,0.01,True,False,netconsumption_3__donor_lag_1,donor_lag,netconsumption_3,-0.036249171703470466,0.036249171703470466,0.006164555537745963,13
SCM,0.01,True,False,netconsumption_193__donor_lag_1,donor_lag,netconsumption_193,-0.035645614638939456,0.035645614638939456,0.006061914267072622,14
SCM,0.01,True,False,netconsumption_204,current_donor,netconsumption_204,0.03563815329390424,0.03563815329390424,0.0060606453863315075,15
SCM,0.01,True,False,netconsumption_67,current_donor,netconsumption_67,0.0336886296739036,0.0336886296739036,0.005729108248712141,16
SCM,0.01,True,False,netconsumption_239,current_donor,netconsumption_239,0.03337127957054996,0.03337127957054996,0.005675139502804338,17
SCM,0.01,True,False,netconsumption_167__donor_lag_1,donor_lag,netconsumption_167,-0.03236822175443158,0.03236822175443158,0.005504558898491111,18
SCM,0.01,True,False,netconsumption_39,current_donor,netconsumption_39,0.03197471168238703,0.03197471168238703,0.00543763834335057,19
SCM,0.01,True,False,netconsumption_240__donor_lag_1,donor_lag,netconsumption_240,-0.030648234940089947,0.030648234940089947,0.005212056925537488,20
SCM,0.01,True,False,netconsumption_43,current_donor,netconsumption_43,0.030181493692850024,0.030181493692850024,0.005132682633514924,21
SCM,0.01,True,False,netconsumption_205,current_donor,netconsumption_205,0.02904888899339121,0.02904888899339121,0.004940071209749413,22
SCM,0.01,True,False,netconsumption_186,current_donor,netconsumption_186,0.028412310215753123,0.028412310215753123,0.004831814247052394,23
SCM,0.01,True,False,netconsumption_141,current_donor,netconsumption_141,0.027214670605105507,0.027214670605105507,0.004628142947900065,24
SCM,0.01,True,False,netconsumption_243,current_donor,netconsumption_243,0.02674619611803503,0.02674619611803503,0.004548473900088787,25
SCM,0.01,True,False,netconsumption_235,current_donor,netconsumption_235,0.026456906153824983,0.026456906153824983,0.004499277078007618,26
SCM,0.01,True,False,netconsumption_155,current_donor,netconsumption_155,0.02602619497174844,0.02602619497174844,0.004426030080135254,27
SCM,0.01,True,False,netconsumption_126,current_donor,netconsumption_126,0.02587277837839471,0.02587277837839471,0.00439993996370784,28
SCM,0.01,True,False,netconsumption_83,current_donor,netconsumption_83,0.025042858204121637,0.025042858204121637,0.0042588032489698216,29
SCM,0.01,True,False,netconsumption_150__donor_lag_1,donor_lag,netconsumption_150,-0.02470424879926781,0.02470424879926781,0.00420121913369955,30
SCM,0.01,True,False,netconsumption_197,current_donor,netconsumption_197,0.024025907650770895,0.024025907650770895,0.004085860037561988,31
SCM,0.01,True,False,netconsumption_230,current_donor,netconsumption_230,-0.023965203679000537,0.023965203679000537,0.004075536684289221,32
SCM,0.01,True,False,netconsumption_244,current_donor,netconsumption_244,0.023817800299264787,0.023817800299264787,0.004050469178519276,33
SCM,0.01,True,False,netconsumption_92__donor_lag_15,donor_lag,netconsumption_92,-0.02363623659241251,0.02363623659241251,0.004019592347355083,34
SCM,0.01,True,False,netconsumption_7,current_donor,netconsumption_7,0.023602148723652593,0.023602148723652593,0.004013795344271733,35
SCM,0.01,True,False,netconsumption_15,current_donor,netconsumption_15,-0.02304652395448227,0.02304652395448227,0.003919305468041821,36
SCM,0.01,True,False,netconsumption_82,current_donor,netconsumption_82,0.02298919120661442,0.02298919120661442,0.003909555427095945,37
SCM,0.01,True,False,netconsumption_76,current_donor,netconsumption_76,-0.022017265217233614,0.022017265217233614,0.0037442691196147987,38
SCM,0.01,True,False,netconsumption_42,current_donor,netconsumption_42,0.02178153375578688,0.02178153375578688,0.0037041804881290954,39
SCM,0.01,True,False,netconsumption_53,current_donor,netconsumption_53,0.02137807427819916,0.02137807427819916,0.0036355679312087574,40
SCM,0.01,True,False,netconsumption_74,current_donor,netconsumption_74,0.021173478696312517,0.021173478696312517,0.0036007742857805253,41
SCM,0.01,True,False,netconsumption_125,current_donor,netconsumption_125,0.021106951151033997,0.021106951151033997,0.003589460572159309,42
SCM,0.01,True,False,netconsumption_113,current_donor,netconsumption_113,0.021023197954947778,0.021023197954947778,0.0035752174541934497,43
SCM,0.01,True,False,netconsumption_263__donor_lag_3,donor_lag,netconsumption_263,-0.020982808360283555,0.020982808360283555,0.0035683487758829103,44
SCM,0.01,True,False,netconsumption_136,current_donor,netconsumption_136,0.020920230543605922,0.020920230543605922,0.0035577067554390827,45
SCM,0.01,True,False,netconsumption_234,current_donor,netconsumption_234,-0.020561171178485202,0.020561171178485202,0.0034966449078542294,46
SCM,0.01,True,False,netconsumption_150,current_donor,netconsumption_150,0.02045793111307102,0.02045793111307102,0.003479087841387375,47
SCM,0.01,True,False,netconsumption_148,current_donor,netconsumption_148,-0.020371382280547204,0.020371382280547204,0.003464369295838676,48
SCM,0.01,True,False,netconsumption_161,current_donor,netconsumption_161,0.0202568715304659,0.0202568715304659,0.003444895530084256,49
SCM,0.01,True,False,netconsumption_45,current_donor,netconsumption_45,0.020030214041534572,0.020030214041534572,0.00340635002372088,50
SCM,0.01,True,False,netconsumption_248__donor_lag_3,donor_lag,netconsumption_248,0.020004791539454697,0.020004791539454697,0.0034020266580102963,51
SCM,0.01,True,False,netconsumption_48,current_donor,netconsumption_48,0.019833345309129696,0.019833345309129696,0.0033728704108766695,52
SCM,0.01,True,False,netconsumption_10__donor_lag_8,donor_lag,netconsumption_10,0.019796101427425727,0.019796101427425727,0.0033665366943690625,53
SCM,0.01,True,False,netconsumption_241,current_donor,netconsumption_241,0.019592953348144492,0.019592953348144492,0.0033319892120883656,54
SCM,0.01,True,False,netconsumption_64,current_donor,netconsumption_64,0.019576691752760698,0.019576691752760698,0.003329223755578192,55
SCM,0.01,True,False,netconsumption_274,current_donor,netconsumption_274,0.019387964662943628,0.019387964662943628,0.0032971287152784683,56
SCM,0.01,True,False,netconsumption_249__donor_lag_3,donor_lag,netconsumption_249,0.01914477748178449,0.01914477748178449,0.0032557721596973683,57
SCM,0.01,True,False,netconsumption_45__donor_lag_3,donor_lag,netconsumption_45,-0.01890219714993758,0.01890219714993758,0.003214518805268529,58
SCM,0.01,True,False,netconsumption_285,current_donor,netconsumption_285,-0.018870431533435254,0.018870431533435254,0.0032091167257749286,59
SCM,0.01,True,False,netconsumption_129__donor_lag_4,donor_lag,netconsumption_129,0.018780135990257553,0.018780135990257553,0.00319376101240075,60
SCM,0.01,True,False,netconsumption_250,current_donor,netconsumption_250,0.018731439939261692,0.018731439939261692,0.003185479733223158,61
SCM,0.01,True,False,netconsumption_259,current_donor,netconsumption_259,-0.018665844541190118,0.018665844541190118,0.0031743245411062016,62
SCM,0.01,True,False,netconsumption_252__donor_lag_1,donor_lag,netconsumption_252,-0.018426852216211757,0.018426852216211757,0.0031336813652434246,63
SCM,0.01,True,False,netconsumption_258,current_donor,netconsumption_258,0.01824430497719523,0.01824430497719523,0.0031026372740188017,64
SCM,0.01,True,False,netconsumption_288,current_donor,netconsumption_288,0.01823259358050179,0.01823259358050179,0.0031006456269838884,65
SCM,0.01,True,False,netconsumption_174__donor_lag_4,donor_lag,netconsumption_174,-0.01818504714390371,0.01818504714390371,0.0030925598519093997,66
SCM,0.01,True,False,netconsumption_16,current_donor,netconsumption_16,0.018109645543208874,0.018109645543208874,0.003079737011185738,67
SCM,0.01,True,False,netconsumption_281,current_donor,netconsumption_281,-0.018102745293525298,0.018102745293525298,0.0030785635506513378,68
SCM,0.01,True,False,netconsumption_174,current_donor,netconsumption_174,0.017867209664249272,0.017867209664249272,0.0030385082225001846,69
SCM,0.01,True,False,netconsumption_255,current_donor,netconsumption_255,0.01786127576721399,0.01786127576721399,0.0030374991004675903,70
SCM,0.01,True,False,netconsumption_201,current_donor,netconsumption_201,-0.017793182255406673,0.017793182255406673,0.0030259190776540986,71
SCM,0.01,True,False,netconsumption_263,current_donor,netconsumption_263,0.01770361366344119,0.01770361366344119,0.0030106869900321884,72
SCM,0.01,True,False,netconsumption_46__donor_lag_14,donor_lag,netconsumption_46,0.01733067954662321,0.01733067954662321,0.002947265593983446,73
SCM,0.01,True,False,netconsumption_167,current_donor,netconsumption_167,0.016969353099303502,0.016969353099303502,0.0028858182050615763,74
SCM,0.01,True,False,netconsumption_181__donor_lag_14,donor_lag,netconsumption_181,0.01672809710306844,0.01672809710306844,0.0028447900679286417,75
SCM,0.01,True,False,netconsumption_114,current_donor,netconsumption_114,0.016579853600468555,0.016579853600468555,0.0028195796903684976,76
SCM,0.01,True,False,netconsumption_80,current_donor,netconsumption_80,-0.016474575966411515,0.016474575966411515,0.0028016761137754638,77
SCM,0.01,True,False,netconsumption_151,current_donor,netconsumption_151,-0.01638811853906761,0.01638811853906761,0.002786973112645617,78
SCM,0.01,True,False,netconsumption_187__donor_lag_1,donor_lag,netconsumption_187,-0.016226355905136724,0.016226355905136724,0.002759463663630992,79
SCM,0.01,True,False,netconsumption_297__donor_lag_9,donor_lag,netconsumption_297,0.015932211852716045,0.015932211852716045,0.002709441352443359,80
SCM,0.01,True,False,netconsumption_163,current_donor,netconsumption_163,-0.015904684206134015,0.015904684206134015,0.0027047599846160737,81
SCM,0.01,True,False,netconsumption_112__donor_lag_3,donor_lag,netconsumption_112,-0.015731963810814497,0.015731963810814497,0.0026753870522313408,82
SCM,0.01,True,False,netconsumption_137,current_donor,netconsumption_137,-0.015568317918832824,0.015568317918832824,0.002647557335240913,83
SCM,0.01,True,False,netconsumption_206__donor_lag_1,donor_lag,netconsumption_206,-0.01551004180539948,0.01551004180539948,0.002637646864990101,84
SCM,0.01,True,False,netconsumption_178,current_donor,netconsumption_178,-0.01540760074338249,0.01540760074338249,0.002620225677512624,85
SCM,0.01,True,False,netconsumption_41,current_donor,netconsumption_41,-0.015326115501009405,0.015326115501009405,0.002606368249093991,86
SCM,0.01,True,False,netconsumption_153,current_donor,netconsumption_153,-0.015187415520676767,0.015187415520676767,0.0025827808485641476,87
SCM,0.01,True,False,netconsumption_217,current_donor,netconsumption_217,0.014994565842669935,0.014994565842669935,0.0025499847184833127,88
SCM,0.01,True,False,netconsumption_57,current_donor,netconsumption_57,-0.014911744918738494,0.014911744918738494,0.0025359001432704144,89
SCM,0.01,True,False,netconsumption_228,current_donor,netconsumption_228,-0.014866640812967043,0.014866640812967043,0.0025282297124180077,90
SCM,0.01,True,False,netconsumption_28,current_donor,netconsumption_28,-0.014827717643947108,0.014827717643947108,0.002521610415318166,91
SCM,0.01,True,False,netconsumption_183,current_donor,netconsumption_183,0.01481514906355156,0.01481514906355156,0.002519472995116877,92
SCM,0.01,True,False,netconsumption_188,current_donor,netconsumption_188,-0.014765472787834874,0.014765472787834874,0.002511025018344636,93
SCM,0.01,True,False,netconsumption_211,current_donor,netconsumption_211,-0.01474599500679785,0.01474599500679785,0.002507712615403763,94
SCM,0.01,True,False,netconsumption_128,current_donor,netconsumption_128,-0.014516718531339129,0.014516718531339129,0.0024687217226455533,95
SCM,0.01,True,False,netconsumption_261,current_donor,netconsumption_261,-0.014467948036417645,0.014467948036417645,0.002460427783490026,96
SCM,0.01,True,False,netconsumption_209__donor_lag_11,donor_lag,netconsumption_209,0.014421501083240766,0.014421501083240766,0.0024525289872151714,97
SCM,0.01,True,False,netconsumption_284__donor_lag_3,donor_lag,netconsumption_284,-0.014003606536951943,0.014003606536951943,0.0023814615939905153,98
SCM,0.01,True,False,netconsumption_233,current_donor,netconsumption_233,-0.013905386668423,0.013905386668423,0.0023647582651693823,99
SCM,0.01,True,False,netconsumption_108,current_donor,netconsumption_108,-0.013874994706473492,0.013874994706473492,0.002359589790179901,100
SCM,0.01,True,False,netconsumption_171,current_donor,netconsumption_171,0.0138715597271376,0.0138715597271376,0.0023590056355663742,101
SCM,0.01,True,False,netconsumption_176,current_donor,netconsumption_176,0.0137951999870724,0.0137951999870724,0.0023460198530957997,102
SCM,0.01,True,False,netconsumption_194__donor_lag_9,donor_lag,netconsumption_194,-0.01375913232589263,0.01375913232589263,0.0023398861653448596,103
SCM,0.01,True,False,netconsumption_79,current_donor,netconsumption_79,-0.013705886653234259,0.013705886653234259,0.0023308311748217038,104
SCM,0.01,True,False,netconsumption_55__donor_lag_14,donor_lag,netconsumption_55,0.01356031244848202,0.01356031244848202,0.0023060747396292146,105
SCM,0.01,True,False,netconsumption_103,current_donor,netconsumption_103,0.013544144500540898,0.013544144500540898,0.002303325208858422,106
SCM,0.01,True,False,netconsumption_80__donor_lag_15,donor_lag,netconsumption_80,0.013483933999007597,0.013483933999007597,0.0022930857754254637,107
SCM,0.01,True,False,netconsumption_279__donor_lag_24,donor_lag,netconsumption_279,-0.013455477640397397,0.013455477640397397,0.00228824647028245,108
SCM,0.01,True,False,netconsumption_219__donor_lag_1,donor_lag,netconsumption_219,-0.013368587910061768,0.013368587910061768,0.0022734699514506424,109
SCM,0.01,True,False,netconsumption_295,current_donor,netconsumption_295,0.013352362950985715,0.013352362950985715,0.00227071072533259,110
SCM,0.01,True,False,netconsumption_77,current_donor,netconsumption_77,0.013318284124061969,0.013318284124061969,0.0022649152599092362,111
SCM,0.01,True,False,netconsumption_148__donor_lag_24,donor_lag,netconsumption_148,0.013291315223193118,0.013291315223193118,0.0022603289127077616,112
SCM,0.01,True,False,netconsumption_10,current_donor,netconsumption_10,0.013222863622865738,0.013222863622865738,0.0022486879931491685,113
SCM,0.01,True,False,netconsumption_225,current_donor,netconsumption_225,0.013121866387459151,0.013121866387459151,0.0022315123436773463,114
SCM,0.01,True,False,netconsumption_175,current_donor,netconsumption_175,0.013109181312899449,0.013109181312899449,0.002229355112409735,115
SCM,0.01,True,False,netconsumption_171__donor_lag_6,donor_lag,netconsumption_171,-0.012972827103600926,0.012972827103600926,0.0022061666350866598,116
SCM,0.01,True,False,netconsumption_271,current_donor,netconsumption_271,0.012877868752384742,0.012877868752384742,0.0021900179618250053,117
SCM,0.01,True,False,netconsumption_256,current_donor,netconsumption_256,-0.012782814119604252,0.012782814119604252,0.0021738529148636904,118
SCM,0.01,True,False,netconsumption_226__donor_lag_1,donor_lag,netconsumption_226,-0.012773866932470642,0.012773866932470642,0.002172331350938232,119
SCM,0.01,True,False,netconsumption_3,current_donor,netconsumption_3,0.012757588371082356,0.012757588371082356,0.00216956300917932,120
SCM,0.01,True,False,netconsumption_185__donor_lag_17,donor_lag,netconsumption_185,-0.012749331962410099,0.012749331962410099,0.002168158919446765,121
SCM,0.01,True,False,netconsumption_71,current_donor,netconsumption_71,0.012638933070423821,0.012638933070423821,0.002149384418707211,122
SCM,0.01,True,False,netconsumption_8__donor_lag_15,donor_lag,netconsumption_8,-0.012379121226643263,0.012379121226643263,0.0021052006631871894,123
SCM,0.01,True,False,netconsumption_120,current_donor,netconsumption_120,0.012348857406434082,0.012348857406434082,0.00210005398005771,124
SCM,0.01,True,False,netconsumption_264,current_donor,netconsumption_264,0.012232550976016814,0.012232550976016814,0.002080274839845367,125
SCM,0.01,True,False,netconsumption_103__donor_lag_3,donor_lag,netconsumption_103,-0.012143165343245584,0.012143165343245584,0.002065073866372032,126
SCM,0.01,True,False,netconsumption_203,current_donor,netconsumption_203,-0.01211810549791612,0.01211810549791612,0.002060812174282499,127
SCM,0.01,True,False,netconsumption_81__donor_lag_18,donor_lag,netconsumption_81,0.011941189152559047,0.011941189152559047,0.0020307256761575142,128
SCM,0.01,True,False,netconsumption_151__donor_lag_9,donor_lag,netconsumption_151,-0.011936839553329756,0.011936839553329756,0.0020299859807450167,129
SCM,0.01,True,False,netconsumption_68,current_donor,netconsumption_68,0.01187672245039066,0.01187672245039066,0.0020197624307321214,130
SCM,0.01,True,False,netconsumption_28__donor_lag_14,donor_lag,netconsumption_28,0.011819845997160058,0.011819845997160058,0.0020100899875216058,131
SCM,0.01,True,False,netconsumption_33__donor_lag_14,donor_lag,netconsumption_33,0.01178579192106556,0.01178579192106556,0.0020042987312388844,132
SCM,0.01,True,False,netconsumption_116__donor_lag_23,donor_lag,netconsumption_116,-0.011780067765803296,0.011780067765803296,0.00200332527801602,133
SCM,0.01,True,False,netconsumption_237__donor_lag_14,donor_lag,netconsumption_237,-0.011728001541754154,0.011728001541754154,0.0019944708652195773,134
SCM,0.01,True,False,netconsumption_168,current_donor,netconsumption_168,-0.011699294582316751,0.011699294582316751,0.00198958894275196,135
SCM,0.01,True,False,netconsumption_59,current_donor,netconsumption_59,0.01157710962496728,0.01157710962496728,0.0019688100967794374,136
SCM,0.01,True,False,netconsumption_73,current_donor,netconsumption_73,0.011563255614594403,0.011563255614594403,0.0019664540755974158,137
SCM,0.01,True,False,netconsumption_237,current_donor,netconsumption_237,-0.011560911382152341,0.011560911382152341,0.0019660554140445204,138
SCM,0.01,True,False,netconsumption_255__donor_lag_24,donor_lag,netconsumption_255,-0.011520730514307357,0.011520730514307357,0.0019592222319400722,139
SCM,0.01,True,False,netconsumption_104,current_donor,netconsumption_104,0.011303438771566922,0.011303438771566922,0.0019222694699025115,140
SCM,0.01,True,False,netconsumption_50__donor_lag_3,donor_lag,netconsumption_50,-0.011295732123841374,0.011295732123841374,0.0019209588728410774,141
SCM,0.01,True,False,netconsumption_230__donor_lag_14,donor_lag,netconsumption_230,-0.011270482324379038,0.011270482324379038,0.0019166648770395783,142
SCM,0.01,True,False,netconsumption_189__donor_lag_3,donor_lag,netconsumption_189,-0.011191333555679446,0.011191333555679446,0.0019032047907130783,143
SCM,0.01,True,False,netconsumption_204__donor_lag_6,donor_lag,netconsumption_204,0.011074359504293647,0.011074359504293647,0.001883312114484731,144
SCM,0.01,True,False,netconsumption_187,current_donor,netconsumption_187,0.011057377902825877,0.011057377902825877,0.0018804242133148975,145
SCM,0.01,True,False,netconsumption_133,current_donor,netconsumption_133,0.010978466734152583,0.010978466734152583,0.0018670045333891248,146
SCM,0.01,True,False,netconsumption_119__donor_lag_9,donor_lag,netconsumption_119,0.010931590657544045,0.010931590657544045,0.0018590327601301704,147
SCM,0.01,True,False,netconsumption_289__donor_lag_3,donor_lag,netconsumption_289,0.01089813809801849,0.01089813809801849,0.0018533437981102386,148
SCM,0.01,True,False,netconsumption_29,current_donor,netconsumption_29,0.010881892673043547,0.010881892673043547,0.0018505810915493397,149
SCM,0.01,True,False,netconsumption_52,current_donor,netconsumption_52,0.010854354628841743,0.010854354628841743,0.0018458979554966978,150
SCM,0.01,True,False,netconsumption_222,current_donor,netconsumption_222,-0.01083562293638696,0.01083562293638696,0.0018427124328205364,151
SCM,0.01,True,False,netconsumption_257,current_donor,netconsumption_257,-0.010824215621627163,0.010824215621627163,0.0018407724981387573,152
SCM,0.01,True,False,netconsumption_207,current_donor,netconsumption_207,-0.010745604802478612,0.010745604802478612,0.0018274038958304582,153
SCM,0.01,True,False,netconsumption_25,current_donor,netconsumption_25,-0.010737900087678616,0.010737900087678616,0.0018260936274834846,154
SCM,0.01,True,False,netconsumption_113__donor_lag_11,donor_lag,netconsumption_113,0.010671522272137024,0.010671522272137024,0.0018148053769897162,155
SCM,0.01,True,False,netconsumption_202__donor_lag_11,donor_lag,netconsumption_202,-0.010604041577245916,0.010604041577245916,0.0018033295701827402,156
SCM,0.01,True,False,netconsumption_223__donor_lag_4,donor_lag,netconsumption_223,-0.01054662933706734,0.01054662933706734,0.0017935660107275772,157
SCM,0.01,True,False,netconsumption_37,current_donor,netconsumption_37,-0.010481004767642407,0.010481004767642407,0.0017824058577130483,158
SCM,0.01,True,False,netconsumption_70,current_donor,netconsumption_70,0.010461756684588187,0.010461756684588187,0.0017791325173467213,159
SCM,0.01,True,False,netconsumption_54__donor_lag_3,donor_lag,netconsumption_54,0.010397426437085619,0.010397426437085619,0.0017681924774823469,160
SCM,0.01,True,False,netconsumption_89__donor_lag_13,donor_lag,netconsumption_89,0.010371115672506537,0.010371115672506537,0.0017637180533268072,161
SCM,0.01,True,False,netconsumption_277,current_donor,netconsumption_277,-0.010362405326377905,0.010362405326377905,0.0017622367667224626,162
SCM,0.01,True,False,netconsumption_69__donor_lag_6,donor_lag,netconsumption_69,0.01032696020421224,0.01032696020421224,0.0017562089483237455,163
SCM,0.01,True,False,netconsumption_24,current_donor,netconsumption_24,-0.010307254462182839,0.010307254462182839,0.0017528577782019437,164
SCM,0.01,True,False,netconsumption_291,current_donor,netconsumption_291,0.010292205230228172,0.010292205230228172,0.0017502984969321848,165
SCM,0.01,True,False,netconsumption_161__donor_lag_3,donor_lag,netconsumption_161,0.010258522704249859,0.010258522704249859,0.0017445704266815477,166
SCM,0.01,True,False,netconsumption_40__donor_lag_19,donor_lag,netconsumption_40,-0.01025383709478851,0.01025383709478851,0.0017437735891706397,167
SCM,0.01,True,False,netconsumption_251,current_donor,netconsumption_251,0.010253162847835545,0.010253162847835545,0.001743658926335811,168
SCM,0.01,True,False,netconsumption_84,current_donor,netconsumption_84,-0.010250317395558319,0.010250317395558319,0.0017431750270418779,169
SCM,0.01,True,False,netconsumption_155__donor_lag_3,donor_lag,netconsumption_155,-0.010213361093378386,0.010213361093378386,0.0017368902164778862,170
SCM,0.01,True,False,netconsumption_180__donor_lag_3,donor_lag,netconsumption_180,0.010123325326601675,0.010123325326601675,0.001721578680831806,171
SCM,0.01,True,False,netconsumption_99__donor_lag_23,donor_lag,netconsumption_99,0.010057588248440615,0.010057588248440615,0.0017103993945151972,172
SCM,0.01,True,False,netconsumption_137__donor_lag_3,donor_lag,netconsumption_137,-0.010035297811929033,0.010035297811929033,0.0017066086697240129,173
SCM,0.01,True,False,netconsumption_241__donor_lag_3,donor_lag,netconsumption_241,-0.010006447479787132,0.010006447479787132,0.0017017023652096358,174
SCM,0.01,True,False,netconsumption_26__donor_lag_1,donor_lag,netconsumption_26,-0.00997841827112831,0.00997841827112831,0.0016969357014394997,175
SCM,0.01,True,False,netconsumption_156__donor_lag_24,donor_lag,netconsumption_156,-0.009940283273210187,0.009940283273210187,0.0016904504411824884,176
SCM,0.01,True,False,netconsumption_51__donor_lag_13,donor_lag,netconsumption_51,-0.009837271247383698,0.009837271247383698,0.0016729321552625285,177
SCM,0.01,True,False,netconsumption_245,current_donor,netconsumption_245,-0.009798462534148594,0.009798462534148594,0.0016663323225810179,178
SCM,0.01,True,False,netconsumption_275__donor_lag_3,donor_lag,netconsumption_275,-0.009784475568413605,0.009784475568413605,0.0016639536909316324,179
SCM,0.01,True,False,netconsumption_47,current_donor,netconsumption_47,-0.00976785168086883,0.00976785168086883,0.0016611266228027017,180
SCM,0.01,True,False,netconsumption_200,current_donor,netconsumption_200,-0.009756341079434523,0.009756341079434523,0.0016591691231280857,181
SCM,0.01,True,False,netconsumption_75__donor_lag_3,donor_lag,netconsumption_75,-0.00975498150851672,0.00975498150851672,0.0016589379136952506,182
SCM,0.01,True,False,netconsumption_7__donor_lag_6,donor_lag,netconsumption_7,-0.009753044793332317,0.009753044793332317,0.00165860855476775,183
SCM,0.01,True,False,netconsumption_107__donor_lag_6,donor_lag,netconsumption_107,-0.009735605916657545,0.009735605916657545,0.0016556428891062846,184
SCM,0.01,True,False,netconsumption_109,current_donor,netconsumption_109,0.009670064372758259,0.009670064372758259,0.001644496855461657,185
SCM,0.01,True,False,netconsumption_23,current_donor,netconsumption_23,-0.00961311822564684,0.00961311822564684,0.0016348125600686293,186
SCM,0.01,True,False,netconsumption_26,current_donor,netconsumption_26,-0.009609575619632108,0.009609575619632108,0.001634210102398567,187
SCM,0.01,True,False,netconsumption_164__donor_lag_3,donor_lag,netconsumption_164,-0.009558735759309926,0.009558735759309926,0.0016255642457414523,188
SCM,0.01,True,False,netconsumption_292,current_donor,netconsumption_292,-0.009539500587142341,0.009539500587142341,0.0016222931010081278,189
SCM,0.01,True,False,netconsumption_273,current_donor,netconsumption_273,0.009538081794490507,0.009538081794490507,0.0016220518202922447,190
SCM,0.01,True,False,netconsumption_190__donor_lag_14,donor_lag,netconsumption_190,0.009522995135290294,0.009522995135290294,0.0016194861741230151,191
SCM,0.01,True,False,netconsumption_218,current_donor,netconsumption_218,-0.009501599222974543,0.009501599222974543,0.0016158475726446104,192
SCM,0.01,True,False,netconsumption_121,current_donor,netconsumption_121,0.009446218261982147,0.009446218261982147,0.0016064294537269117,193
SCM,0.01,True,False,netconsumption_205__donor_lag_3,donor_lag,netconsumption_205,0.009431941877313207,0.009431941877313207,0.0016040016033227746,194
SCM,0.01,True,False,netconsumption_117,current_donor,netconsumption_117,-0.009427539244037378,0.009427539244037378,0.0016032528889090166,195
SCM,0.01,True,False,netconsumption_4__donor_lag_1,donor_lag,netconsumption_4,0.009391529847565187,0.009391529847565187,0.0015971291096886413,196
SCM,0.01,True,False,netconsumption_100,current_donor,netconsumption_100,-0.009369503355401031,0.009369503355401031,0.0015933832714289861,197
SCM,0.01,True,False,netconsumption_22,current_donor,netconsumption_22,-0.009349393531817738,0.009349393531817738,0.0015899633829596005,198
SCM,0.01,True,False,netconsumption_9__donor_lag_6,donor_lag,netconsumption_9,-0.009336956334309799,0.009336956334309799,0.0015878483058097336,199
SCM,0.01,True,False,netconsumption_54,current_donor,netconsumption_54,0.00927346777422634,0.00927346777422634,0.0015770514038047,200
SCM,0.01,True,False,netconsumption_162__donor_lag_3,donor_lag,netconsumption_162,-0.009251060333155921,0.009251060333155921,0.0015732407811491723,201
SCM,0.01,True,False,netconsumption_276,current_donor,netconsumption_276,-0.009211313577523176,0.009211313577523176,0.001566481424423793,202
SCM,0.01,True,False,netconsumption_59__donor_lag_3,donor_lag,netconsumption_59,-0.009193047162145243,0.009193047162145243,0.001563375027041973,203
SCM,0.01,True,False,netconsumption_126__donor_lag_6,donor_lag,netconsumption_126,0.009191509362229518,0.009191509362229518,0.0015631135078805428,204
SCM,0.01,True,False,netconsumption_159,current_donor,netconsumption_159,0.009155592906470857,0.009155592906470857,0.0015570055342127732,205
SCM,0.01,True,False,netconsumption_219,current_donor,netconsumption_219,0.009117121367839497,0.009117121367839497,0.0015504630416434092,206
SCM,0.01,True,False,netconsumption_15__donor_lag_18,donor_lag,netconsumption_15,-0.009009788927658883,0.009009788927658883,0.00153221002350805,207
SCM,0.01,True,False,netconsumption_94__donor_lag_6,donor_lag,netconsumption_94,0.008975543407563154,0.008975543407563154,0.0015263862101454705,208
SCM,0.01,True,False,netconsumption_253__donor_lag_23,donor_lag,netconsumption_253,0.008970757010652553,0.008970757010652553,0.0015255722326614476,209
SCM,0.01,True,False,netconsumption_290__donor_lag_6,donor_lag,netconsumption_290,0.008969898719314582,0.008969898719314582,0.0015254262711298639,210
SCM,0.01,True,False,netconsumption_269,current_donor,netconsumption_269,0.008886265059799614,0.008886265059799614,0.0015112034816238736,211
SCM,0.01,True,False,netconsumption_145__donor_lag_9,donor_lag,netconsumption_145,0.008799844531726646,0.008799844531726646,0.0014965067556058239,212
SCM,0.01,True,False,netconsumption_296,current_donor,netconsumption_296,0.008793976480960116,0.008793976480960116,0.0014955088314285625,213
SCM,0.01,True,False,netconsumption_164,current_donor,netconsumption_164,0.008780462571449054,0.008780462571449054,0.0014932106479998628,214
SCM,0.01,True,False,netconsumption_294__donor_lag_24,donor_lag,netconsumption_294,-0.008776681132508892,0.008776681132508892,0.0014925675742615187,215
SCM,0.01,True,False,treated__treated_lag_11,treated_lag,,0.008694464690205468,0.008694464690205468,0.0014785857975511058,216
SCM,0.01,True,False,netconsumption_63__donor_lag_12,donor_lag,netconsumption_63,0.008686274582715151,0.008686274582715151,0.0014771929830366894,217
SCM,0.01,True,False,netconsumption_298,current_donor,netconsumption_298,-0.008685570122237415,0.008685570122237415,0.001477073182072003,218
SCM,0.01,True,False,netconsumption_202,current_donor,netconsumption_202,-0.008677411329522393,0.008677411329522393,0.0014756856929667584,219
SCM,0.01,True,False,netconsumption_30,current_donor,netconsumption_30,0.008655626793020106,0.008655626793020106,0.001471981001829787,220
SCM,0.01,True,False,netconsumption_265__donor_lag_3,donor_lag,netconsumption_265,-0.008611636956700686,0.008611636956700686,0.0014645000642981452,221
SCM,0.01,True,False,netconsumption_78,current_donor,netconsumption_78,0.008608584518136168,0.008608584518136168,0.0014639809647940115,222
SCM,0.01,True,False,netconsumption_157__donor_lag_3,donor_lag,netconsumption_157,-0.008595656453286376,0.008595656453286376,0.0014617824104542305,223
SCM,0.01,True,False,netconsumption_168__donor_lag_6,donor_lag,netconsumption_168,0.008586176880380277,0.008586176880380277,0.001460170308690036,224
SCM,0.01,True,False,netconsumption_194,current_donor,netconsumption_194,0.008484860692646149,0.008484860692646149,0.0014429404179971148,225
SCM,0.01,True,False,netconsumption_163__donor_lag_3,donor_lag,netconsumption_163,-0.00848165120136336,0.00848165120136336,0.0014423946100150038,226
SCM,0.01,True,False,netconsumption_135,current_donor,netconsumption_135,0.008417187657162952,0.008417187657162952,0.00143143190163551,227
SCM,0.01,True,False,netconsumption_36__donor_lag_6,donor_lag,netconsumption_36,0.008408775892743988,0.008408775892743988,0.0014300013920129637,228
SCM,0.01,True,False,netconsumption_184,current_donor,netconsumption_184,-0.008387866308243092,0.008387866308243092,0.0014264454957298321,229
SCM,0.01,True,False,netconsumption_218__donor_lag_14,donor_lag,netconsumption_218,0.008374616395836148,0.008374616395836148,0.001424192207804496,230
SCM,0.01,True,False,netconsumption_98__donor_lag_11,donor_lag,netconsumption_98,0.008359084905565292,0.008359084905565292,0.0014215509134008091,231
SCM,0.01,True,False,netconsumption_122,current_donor,netconsumption_122,-0.008355882636667008,0.008355882636667008,0.0014210063336616704,232
SCM,0.01,True,False,netconsumption_283__donor_lag_3,donor_lag,netconsumption_283,-0.008341301446894253,0.008341301446894253,0.0014185266479216526,233
SCM,0.01,True,False,netconsumption_93__donor_lag_3,donor_lag,netconsumption_93,-0.008261544458225476,0.008261544458225476,0.0014049631273481608,234
SCM,0.01,True,False,netconsumption_144__donor_lag_3,donor_lag,netconsumption_144,-0.00826107962166179,0.00826107962166179,0.001404884076967748,235
SCM,0.01,True,False,netconsumption_296__donor_lag_3,donor_lag,netconsumption_296,-0.008245900241896394,0.008245900241896394,0.0014023026626844703,236
SCM,0.01,True,False,netconsumption_99,current_donor,netconsumption_99,0.008207287860851727,0.008207287860851727,0.00139573621837116,237
SCM,0.01,True,False,netconsumption_260__donor_lag_14,donor_lag,netconsumption_260,-0.008199082062623902,0.008199082062623902,0.0013943407354806607,238
SCM,0.01,True,False,netconsumption_23__donor_lag_3,donor_lag,netconsumption_23,-0.008192689808911243,0.008192689808911243,0.0013932536650409443,239
SCM,0.01,True,False,netconsumption_249,current_donor,netconsumption_249,-0.008177236866418391,0.008177236866418391,0.0013906257285187518,240
SCM,0.01,True,False,netconsumption_152,current_donor,netconsumption_152,0.008120902002461126,0.008120902002461126,0.0013810453882997591,241
SCM,0.01,True,False,netconsumption_207__donor_lag_13,donor_lag,netconsumption_207,0.00810566628423331,0.00810566628423331,0.0013784543930643058,242
SCM,0.01,True,False,netconsumption_300,current_donor,netconsumption_300,0.008072494430309966,0.008072494430309966,0.0013728131680047862,243
SCM,0.01,True,False,netconsumption_131,current_donor,netconsumption_131,0.008063358588782118,0.008063358588782118,0.0013712595214016813,244
SCM,0.01,True,False,netconsumption_147,current_donor,netconsumption_147,-0.008006307693000297,0.008006307693000297,0.0013615574123879317,245
SCM,0.01,True,False,netconsumption_106__donor_lag_3,donor_lag,netconsumption_106,-0.00800390262776039,0.00800390262776039,0.0013611484055735255,246
SCM,0.01,True,False,netconsumption_21,current_donor,netconsumption_21,-0.007930169103945879,0.007930169103945879,0.001348609238988796,247
SCM,0.01,True,False,netconsumption_50,current_donor,netconsumption_50,-0.007920029604675126,0.007920029604675126,0.0013468849097574744,248
SCM,0.01,True,False,netconsumption_236,current_donor,netconsumption_236,0.0078559817692579,0.0078559817692579,0.0013359928970590408,249
SCM,0.01,True,False,netconsumption_31__donor_lag_14,donor_lag,netconsumption_31,-0.00784502573342142,0.00784502573342142,0.0013341297071373507,250
SCM,0.01,True,False,netconsumption_47__donor_lag_15,donor_lag,netconsumption_47,0.007844679126313642,0.007844679126313642,0.0013340707629280002,251
SCM,0.01,True,False,netconsumption_298__donor_lag_14,donor_lag,netconsumption_298,-0.007840752034653299,0.007840752034653299,0.0013334029194020836,252
SCM,0.01,True,False,netconsumption_177,current_donor,netconsumption_177,0.007837096889863598,0.007837096889863598,0.0013327813233215183,253
SCM,0.01,True,False,netconsumption_61__donor_lag_1,donor_lag,netconsumption_61,-0.0077739658148577905,0.0077739658148577905,0.0013220452154398133,254
SCM,0.01,True,False,netconsumption_117__donor_lag_3,donor_lag,netconsumption_117,-0.007738030585947521,0.007738030585947521,0.0013159340491987993,255
SCM,0.01,True,False,netconsumption_94,current_donor,netconsumption_94,0.007732419969006689,0.007732419969006689,0.0013149799043698993,256
SCM,0.01,True,False,netconsumption_111__donor_lag_3,donor_lag,netconsumption_111,-0.007722309371107557,0.007722309371107557,0.001313260490122896,257
SCM,0.01,True,False,netconsumption_136__donor_lag_11,donor_lag,netconsumption_136,-0.0077021344717718015,0.0077021344717718015,0.0013098295348326322,258
SCM,0.01,True,False,netconsumption_254,current_donor,netconsumption_254,0.007686534783069303,0.007686534783069303,0.001307176642563403,259
SCM,0.01,True,False,netconsumption_98,current_donor,netconsumption_98,-0.00767784754243654,0.00767784754243654,0.0013056992852933248,260
SCM,0.01,True,False,netconsumption_198__donor_lag_13,donor_lag,netconsumption_198,0.007658829008870292,0.007658829008870292,0.0013024649822484253,261
SCM,0.01,True,False,netconsumption_30__donor_lag_1,donor_lag,netconsumption_30,-0.007630090617198093,0.007630090617198093,0.001297577714396404,262
SCM,0.01,True,False,netconsumption_188__donor_lag_3,donor_lag,netconsumption_188,-0.007625730339231792,0.007625730339231792,0.0012968362029515867,263
SCM,0.01,True,False,netconsumption_206,current_donor,netconsumption_206,0.0076168539955235575,0.0076168539955235575,0.0012953266867008666,264
SCM,0.01,True,False,netconsumption_172__donor_lag_14,donor_lag,netconsumption_172,-0.007591825322446296,0.007591825322446296,0.0012910702957829442,265
SCM,0.01,True,False,netconsumption_11__donor_lag_14,donor_lag,netconsumption_11,0.007582256382510805,0.007582256382510805,0.0012894429962089777,266
SCM,0.01,True,False,netconsumption_225__donor_lag_9,donor_lag,netconsumption_225,-0.007577359723194173,0.007577359723194173,0.0012886102674350977,267
SCM,0.01,True,False,netconsumption_32__donor_lag_3,donor_lag,netconsumption_32,-0.007576800259784774,0.007576800259784774,0.0012885151247574447,268
SCM,0.01,True,False,netconsumption_55,current_donor,netconsumption_55,0.007570454646871182,0.007570454646871182,0.0012874359860795496,269
SCM,0.01,True,False,netconsumption_190,current_donor,netconsumption_190,-0.007527558431453736,0.007527558431453736,0.0012801410303640607,270
SCM,0.01,True,False,netconsumption_71__donor_lag_11,donor_lag,netconsumption_71,-0.0075250892222897044,0.0075250892222897044,0.0012797211151960536,271
SCM,0.01,True,False,netconsumption_272,current_donor,netconsumption_272,-0.007513375072006418,0.007513375072006418,0.0012777289998840255,272
SCM,0.01,True,False,netconsumption_159__donor_lag_3,donor_lag,netconsumption_159,0.0074936812488126964,0.0074936812488126964,0.0012743798566864548,273
SCM,0.01,True,False,netconsumption_268__donor_lag_3,donor_lag,netconsumption_268,-0.007434120566749842,0.007434120566749842,0.0012642509319362282,274
SCM,0.01,True,False,netconsumption_60__donor_lag_3,donor_lag,netconsumption_60,-0.007386422693734369,0.007386422693734369,0.001256139403495205,275
SCM,0.01,True,False,netconsumption_96__donor_lag_5,donor_lag,netconsumption_96,0.007385062087919643,0.007385062087919643,0.0012559080180671884,276
SCM,0.01,True,False,netconsumption_123,current_donor,netconsumption_123,0.007377014094856265,0.007377014094856265,0.001254539371616107,277
SCM,0.01,True,False,netconsumption_229__donor_lag_14,donor_lag,netconsumption_229,-0.007348092616276912,0.007348092616276912,0.0012496209678965792,278
SCM,0.01,True,False,netconsumption_228__donor_lag_14,donor_lag,netconsumption_228,-0.007333008957273408,0.007333008957273408,0.001247055831942573,279
SCM,0.01,True,False,netconsumption_265,current_donor,netconsumption_265,-0.007271681190449986,0.007271681190449986,0.0012366263957148556,280
SCM,0.01,True,False,netconsumption_172,current_donor,netconsumption_172,-0.007229106907877211,0.007229106907877211,0.0012293861880889683,281
SCM,0.01,True,False,netconsumption_185,current_donor,netconsumption_185,-0.007191164571512478,0.007191164571512478,0.0012229336919694544,282
SCM,0.01,True,False,netconsumption_224__donor_lag_3,donor_lag,netconsumption_224,0.007176382035591664,0.007176382035591664,0.0012204197651846432,283
SCM,0.01,True,False,netconsumption_138__donor_lag_3,donor_lag,netconsumption_138,-0.007166888294206369,0.007166888294206369,0.0012188052539205128,284
SCM,0.01,True,False,treated__treated_lag_48,treated_lag,,0.0071481696451540224,0.0071481696451540224,0.0012156219494130688,285
SCM,0.01,True,False,netconsumption_300__donor_lag_24,donor_lag,netconsumption_300,0.007100013247667754,0.007100013247667754,0.0012074324440298754,286
SCM,0.01,True,False,netconsumption_290,current_donor,netconsumption_290,-0.007057952406952952,0.007057952406952952,0.0012002795526294394,287
SCM,0.01,True,False,netconsumption_270,current_donor,netconsumption_270,-0.007043583995511979,0.007043583995511979,0.0011978360520981271,288
SCM,0.01,True,False,netconsumption_214,current_donor,netconsumption_214,-0.007032430602284761,0.007032430602284761,0.0011959392994620685,289
SCM,0.01,True,False,netconsumption_236__donor_lag_3,donor_lag,netconsumption_236,0.006941635759019169,0.006941635759019169,0.0011804986748202068,290
SCM,0.01,True,False,netconsumption_110,current_donor,netconsumption_110,0.0069049580288009236,0.0069049580288009236,0.0011742612383684604,291
SCM,0.01,True,False,netconsumption_58,current_donor,netconsumption_58,-0.006891677147402285,0.006891677147402285,0.0011720026838381154,292
SCM,0.01,True,False,netconsumption_56,current_donor,netconsumption_56,-0.006885187342156353,0.006885187342156353,0.0011708990237270659,293
SCM,0.01,True,False,netconsumption_8,current_donor,netconsumption_8,-0.006867508962447801,0.006867508962447801,0.0011678926280382978,294
SCM,0.01,True,False,netconsumption_105,current_donor,netconsumption_105,-0.006846066492822145,0.006846066492822145,0.001164246108996288,295
SCM,0.01,True,False,netconsumption_127,current_donor,netconsumption_127,-0.006788730846294786,0.006788730846294786,0.0011544955751026642,296
SCM,0.01,True,False,netconsumption_208__donor_lag_1,donor_lag,netconsumption_208,-0.0067141082262710495,0.0067141082262710495,0.0011418052082917615,297
SCM,0.01,True,False,netconsumption_180,current_donor,netconsumption_180,0.00669382817531456,0.00669382817531456,0.0011383563708548049,298
SCM,0.01,True,False,netconsumption_250__donor_lag_11,donor_lag,netconsumption_250,-0.006676134500586147,0.006676134500586147,0.0011353473740859305,299
SCM,0.01,True,False,netconsumption_91__donor_lag_14,donor_lag,netconsumption_91,0.006657451757241802,0.006657451757241802,0.0011321701757243845,300
SCM,0.01,True,False,netconsumption_232,current_donor,netconsumption_232,-0.006648289625225508,0.006648289625225508,0.001130612058145295,301
SCM,0.01,True,False,netconsumption_248,current_donor,netconsumption_248,0.006616657904431165,0.006616657904431165,0.0011252327490348325,302
SCM,0.01,True,False,netconsumption_40,current_donor,netconsumption_40,-0.006602905426803297,0.006602905426803297,0.001122893994571362,303
SCM,0.01,True,False,netconsumption_13,current_donor,netconsumption_13,-0.006599237135758797,0.006599237135758797,0.0011222701628309454,304
SCM,0.01,True,False,netconsumption_261__donor_lag_11,donor_lag,netconsumption_261,-0.006511920001116282,0.006511920001116282,0.0011074209593704123,305
SCM,0.01,True,False,netconsumption_74__donor_lag_3,donor_lag,netconsumption_74,-0.006486273083236403,0.006486273083236403,0.0011030594293764075,306
SCM,0.01,True,False,netconsumption_269__donor_lag_1,donor_lag,netconsumption_269,-0.006419770136049494,0.006419770136049494,0.0010917498989211712,307
SCM,0.01,True,False,netconsumption_227__donor_lag_9,donor_lag,netconsumption_227,0.006383045172892714,0.006383045172892714,0.0010855044300080161,308
SCM,0.01,True,False,netconsumption_31,current_donor,netconsumption_31,-0.006361553080375948,0.006361553080375948,0.0010818494720678518,309
SCM,0.01,True,False,netconsumption_110__donor_lag_3,donor_lag,netconsumption_110,-0.006358629058447206,0.006358629058447206,0.0010813522111726025,310
SCM,0.01,True,False,netconsumption_260,current_donor,netconsumption_260,0.006346474630261903,0.006346474630261903,0.0010792852219406617,311
SCM,0.01,True,False,netconsumption_231,current_donor,netconsumption_231,-0.0063380178628762995,0.0063380178628762995,0.0010778470590870437,312
SCM,0.01,True,False,netconsumption_254__donor_lag_14,donor_lag,netconsumption_254,-0.006304935738040772,0.006304935738040772,0.001072221093409165,313
SCM,0.01,True,False,netconsumption_34,current_donor,netconsumption_34,0.006303723305965049,0.006303723305965049,0.00107201490649467,314
SCM,0.01,True,False,netconsumption_104__donor_lag_6,donor_lag,netconsumption_104,0.006241162117867225,0.006241162117867225,0.0010613757139169406,315
SCM,0.01,True,False,netconsumption_282__donor_lag_3,donor_lag,netconsumption_282,-0.006156817637754153,0.006156817637754153,0.0010470320418404398,316
SCM,0.01,True,False,netconsumption_158,current_donor,netconsumption_158,0.006156317089699625,0.006156317089699625,0.0010469469183428139,317
SCM,0.01,True,False,netconsumption_233__donor_lag_3,donor_lag,netconsumption_233,-0.0061070909077146004,0.0061070909077146004,0.0010385754847762692,318
SCM,0.01,True,False,netconsumption_60,current_donor,netconsumption_60,-0.006096496069660852,0.006096496069660852,0.0010367737203627251,319
SCM,0.01,True,False,netconsumption_179,current_donor,netconsumption_179,0.006088083357047129,0.006088083357047129,0.0010353430494896188,320
SCM,0.01,True,False,netconsumption_294,current_donor,netconsumption_294,0.006019936130919824,0.006019936130919824,0.0010237538919871624,321
SCM,0.01,True,False,netconsumption_17__donor_lag_11,donor_lag,netconsumption_17,-0.006010502234780189,0.006010502234780189,0.0010221495580408355,322
SCM,0.01,True,False,netconsumption_109__donor_lag_3,donor_lag,netconsumption_109,0.005970780440734444,0.005970780440734444,0.0010153944462976765,323
SCM,0.01,True,False,netconsumption_37__donor_lag_3,donor_lag,netconsumption_37,-0.005956708145329869,0.005956708145329869,0.001013001303434311,324
SCM,0.01,True,False,netconsumption_101,current_donor,netconsumption_101,-0.005904776010306817,0.005904776010306817,0.0010041696938967977,325
SCM,0.01,True,False,netconsumption_217__donor_lag_6,donor_lag,netconsumption_217,0.005895967514115045,0.005895967514115045,0.0010026717158347776,326
SCM,0.01,True,False,treated__treated_lag_4,treated_lag,,0.00585109276583826,0.00585109276583826,0.0009950402896533035,327
SCM,0.01,True,False,netconsumption_203__donor_lag_3,donor_lag,netconsumption_203,-0.005849091788691188,0.005849091788691188,0.0009947000022984974,328
SCM,0.01,True,False,netconsumption_189,current_donor,netconsumption_189,0.0057637616783552765,0.0057637616783552765,0.0009801887133644841,329
SCM,0.01,True,False,netconsumption_22__donor_lag_3,donor_lag,netconsumption_22,0.005716568279061283,0.005716568279061283,0.000972162976022326,330
SCM,0.01,True,False,netconsumption_96,current_donor,netconsumption_96,0.005685041045111607,0.005685041045111607,0.000966801436006346,331
SCM,0.01,True,False,netconsumption_244__donor_lag_3,donor_lag,netconsumption_244,-0.005684744884496469,0.005684744884496469,0.0009667510707573124,332
SCM,0.01,True,False,netconsumption_142,current_donor,netconsumption_142,0.005664884459415742,0.005664884459415742,0.0009633735951444926,333
SCM,0.01,True,False,netconsumption_246__donor_lag_6,donor_lag,netconsumption_246,0.00565548438000045,0.00565548438000045,0.0009617750120902696,334
SCM,0.01,True,False,netconsumption_221,current_donor,netconsumption_221,0.005572766588964519,0.005572766588964519,0.0009477079757184609,335
SCM,0.01,True,False,netconsumption_224,current_donor,netconsumption_224,-0.005549087302020943,0.005549087302020943,0.0009436810622029743,336
SCM,0.01,True,False,netconsumption_120__donor_lag_3,donor_lag,netconsumption_120,-0.005532982342044274,0.005532982342044274,0.0009409422432025983,337
SCM,0.01,True,False,netconsumption_35,current_donor,netconsumption_35,-0.005527418885386792,0.005527418885386792,0.0009399961184793235,338
SCM,0.01,True,False,netconsumption_9,current_donor,netconsumption_9,0.005494593532538449,0.005494593532538449,0.0009344138195971578,339
SCM,0.01,True,False,treated__treated_lag_6,treated_lag,,0.005475872951782843,0.005475872951782843,0.0009312301865831172,340
SCM,0.01,True,False,netconsumption_275,current_donor,netconsumption_275,0.0054661431303251705,0.0054661431303251705,0.0009295755274025205,341
SCM,0.01,True,False,treated__treated_lag_2,treated_lag,,0.005434677858336486,0.005434677858336486,0.0009242245246742027,342
SCM,0.01,True,False,netconsumption_111,current_donor,netconsumption_111,0.005433017366370823,0.005433017366370823,0.0009239421404303351,343
SCM,0.01,True,False,netconsumption_44__donor_lag_24,donor_lag,netconsumption_44,-0.005426608540649613,0.005426608540649613,0.0009228522517450621,344
SCM,0.01,True,False,netconsumption_196,current_donor,netconsumption_196,-0.005402461872561852,0.005402461872561852,0.0009187458551163008,345
SCM,0.01,True,False,treated__treated_lag_47,treated_lag,,0.005369468387304881,0.005369468387304881,0.0009131349635374754,346
SCM,0.01,True,False,netconsumption_27__donor_lag_13,donor_lag,netconsumption_27,0.005350945393800146,0.005350945393800146,0.0009099849323279536,347
SCM,0.01,True,False,netconsumption_130__donor_lag_3,donor_lag,netconsumption_130,0.00533462737053938,0.00533462737053938,0.0009072098796597131,348
SCM,0.01,True,False,netconsumption_173__donor_lag_9,donor_lag,netconsumption_173,-0.005320451024263069,0.005320451024263069,0.0009047990418436791,349
SCM,0.01,True,False,netconsumption_83__donor_lag_3,donor_lag,netconsumption_83,-0.005308233801502554,0.005308233801502554,0.0009027213737292102,350
SCM,0.01,True,False,netconsumption_183__donor_lag_11,donor_lag,netconsumption_183,-0.005298008909241975,0.005298008909241975,0.0009009825225156313,351
SCM,0.01,True,False,netconsumption_289,current_donor,netconsumption_289,-0.005263229743161313,0.005263229743161313,0.0008950679570018432,352
SCM,0.01,True,False,netconsumption_130,current_donor,netconsumption_130,0.0052360924403603275,0.0052360924403603275,0.0008904529712683819,353
SCM,0.01,True,False,netconsumption_210,current_donor,netconsumption_210,0.00521998028975668,0.00521998028975668,0.0008877129294257375,354
SCM,0.01,True,False,netconsumption_4,current_donor,netconsumption_4,0.00520167457703179,0.00520167457703179,0.0008845998491138967,355
SCM,0.01,True,False,netconsumption_65__donor_lag_4,donor_lag,netconsumption_65,0.005148586978360399,0.005148586978360399,0.0008755717407462777,356
SCM,0.01,True,False,netconsumption_266,current_donor,netconsumption_266,-0.0051223875251543574,0.0051223875251543574,0.0008711162462685444,357
SCM,0.01,True,False,netconsumption_243__donor_lag_6,donor_lag,netconsumption_243,-0.00506315195835638,0.00506315195835638,0.000861042610812178,358
SCM,0.01,True,False,netconsumption_88,current_donor,netconsumption_88,-0.0050579847245314,0.0050579847245314,0.0008601638679776884,359
SCM,0.01,True,False,netconsumption_278__donor_lag_3,donor_lag,netconsumption_278,-0.005053530927328249,0.005053530927328249,0.0008594064525962481,360
SCM,0.01,True,False,netconsumption_107,current_donor,netconsumption_107,-0.005048954778705424,0.005048954778705424,0.000858628230060154,361
SCM,0.01,True,False,treated__treated_lag_5,treated_lag,,0.005016333351422737,0.005016333351422737,0.0008530806108800607,362
SCM,0.01,True,False,netconsumption_256__donor_lag_3,donor_lag,netconsumption_256,0.0049901039188423296,0.0049901039188423296,0.000848620018092226,363
SCM,0.01,True,False,netconsumption_62__donor_lag_13,donor_lag,netconsumption_62,-0.004983984671946555,0.004983984671946555,0.0008475793753529446,364
SCM,0.01,True,False,netconsumption_139__donor_lag_8,donor_lag,netconsumption_139,0.0049722796685087315,0.0049722796685087315,0.0008455888155588551,365
SCM,0.01,True,False,netconsumption_149__donor_lag_13,donor_lag,netconsumption_149,0.004937064912651579,0.004937064912651579,0.0008396001733905488,366
SCM,0.01,True,False,netconsumption_89,current_donor,netconsumption_89,0.0049005587876337795,0.0049005587876337795,0.0008333919202204887,367
SCM,0.01,True,False,netconsumption_160__donor_lag_6,donor_lag,netconsumption_160,-0.004895652798482274,0.004895652798482274,0.0008325576048093826,368
SCM,0.01,True,False,netconsumption_287,current_donor,netconsumption_287,-0.004890056352924476,0.004890056352924476,0.0008316058699742467,369
SCM,0.01,True,False,netconsumption_12,current_donor,netconsumption_12,-0.004869672123487356,0.004869672123487356,0.0008281393158833776,370
SCM,0.01,True,False,netconsumption_20__donor_lag_3,donor_lag,netconsumption_20,-0.004850715320174632,0.004850715320174632,0.0008249155107218316,371
SCM,0.01,True,False,netconsumption_176__donor_lag_3,donor_lag,netconsumption_176,0.0048344210737951525,0.0048344210737951525,0.0008221445015640582,372
SCM,0.01,True,False,netconsumption_144,current_donor,netconsumption_144,0.004815970922838545,0.004815970922838545,0.0008190068580012699,373
SCM,0.01,True,False,netconsumption_133__donor_lag_6,donor_lag,netconsumption_133,0.004655137206705032,0.004655137206705032,0.0007916553812956053,374
SCM,0.01,True,False,netconsumption_242,current_donor,netconsumption_242,-0.004620413857643215,0.004620413857643215,0.0007857503080569907,375
SCM,0.01,True,False,netconsumption_21__donor_lag_15,donor_lag,netconsumption_21,-0.0046182997222628756,0.0046182997222628756,0.0007853907769462379,376
SCM,0.01,True,False,netconsumption_169,current_donor,netconsumption_169,-0.004592390221793649,0.004592390221793649,0.0007809845920020862,377
SCM,0.01,True,False,netconsumption_14__donor_lag_3,donor_lag,netconsumption_14,0.0045814278864865785,0.0045814278864865785,0.0007791203307887089,378
SCM,0.01,True,False,netconsumption_212,current_donor,netconsumption_212,-0.0045451469861041895,0.0045451469861041895,0.0007729503794530968,379
SCM,0.01,True,False,netconsumption_88__donor_lag_3,donor_lag,netconsumption_88,0.004544700071140403,0.004544700071140403,0.0007728743768305417,380
SCM,0.01,True,False,netconsumption_154,current_donor,netconsumption_154,-0.00450081418869432,0.00450081418869432,0.0007654111177559635,381
SCM,0.01,True,False,netconsumption_235__donor_lag_6,donor_lag,netconsumption_235,-0.00449288367771188,0.00449288367771188,0.0007640624503769162,382
SCM,0.01,True,False,netconsumption_179__donor_lag_3,donor_lag,netconsumption_179,0.00447330892341651,0.00447330892341651,0.0007607335561064856,383
SCM,0.01,True,False,netconsumption_73__donor_lag_3,donor_lag,netconsumption_73,-0.0044720287915429495,0.0044720287915429495,0.0007605158561244071,384
SCM,0.01,True,False,netconsumption_166,current_donor,netconsumption_166,0.004469715588901062,0.004469715588901062,0.0007601224715176462,385
SCM,0.01,True,False,treated__treated_lag_44,treated_lag,,0.004447072449744105,0.004447072449744105,0.0007562717659063892,386
SCM,0.01,True,False,netconsumption_154__donor_lag_13,donor_lag,netconsumption_154,-0.00441831055812321,0.00441831055812321,0.0007513805016392209,387
SCM,0.01,True,False,netconsumption_287__donor_lag_13,donor_lag,netconsumption_287,0.004410869032632868,0.004410869032632868,0.0007501149914216074,388
SCM,0.01,True,False,netconsumption_186__donor_lag_9,donor_lag,netconsumption_186,0.004403432067379205,0.004403432067379205,0.0007488502567205356,389
SCM,0.01,True,False,netconsumption_226,current_donor,netconsumption_226,0.00440117825819703,0.00440117825819703,0.0007484669726005933,390
SCM,0.01,True,False,netconsumption_272__donor_lag_3,donor_lag,netconsumption_272,-0.004380962155113635,0.004380962155113635,0.0007450290101766835,391
SCM,0.01,True,False,netconsumption_286,current_donor,netconsumption_286,-0.004377284524977649,0.004377284524977649,0.000744403590224856,392
SCM,0.01,True,False,netconsumption_212__donor_lag_14,donor_lag,netconsumption_212,0.004355413300404056,0.004355413300404056,0.0007406841568633062,393
SCM,0.01,True,False,netconsumption_129,current_donor,netconsumption_129,0.004347244897801337,0.004347244897801337,0.0007392950334948872,394
SCM,0.01,True,False,treated__treated_lag_96,treated_lag,,0.004345076799540583,0.004345076799540583,0.0007389263254248368,395
SCM,0.01,True,False,netconsumption_57__donor_lag_3,donor_lag,netconsumption_57,-0.004334249960580056,0.004334249960580056,0.0007370851068001362,396
SCM,0.01,True,False,netconsumption_46,current_donor,netconsumption_46,0.004331612181398379,0.004331612181398379,0.0007366365245154216,397
SCM,0.01,True,False,netconsumption_201__donor_lag_14,donor_lag,netconsumption_201,-0.004312686599623482,0.004312686599623482,0.0007334180289070286,398
SCM,0.01,True,False,netconsumption_153__donor_lag_3,donor_lag,netconsumption_153,-0.004310908116151165,0.004310908116151165,0.000733115578957889,399
SCM,0.01,True,False,netconsumption_214__donor_lag_3,donor_lag,netconsumption_214,-0.004298303848686156,0.004298303848686156,0.0007309720897925018,400
SCM,0.01,True,False,netconsumption_13__donor_lag_3,donor_lag,netconsumption_13,-0.004290053973712513,0.004290053973712513,0.0007295691111845902,401
SCM,0.01,True,False,netconsumption_246,current_donor,netconsumption_246,-0.004270777326328136,0.004270777326328136,0.0007262909131514153,402
SCM,0.01,True,False,netconsumption_251__donor_lag_1,donor_lag,netconsumption_251,-0.004214589949891224,0.004214589949891224,0.0007167356547471957,403
SCM,0.01,True,False,netconsumption_24__donor_lag_3,donor_lag,netconsumption_24,0.004211760771829084,0.004211760771829084,0.000716254523055887,404
SCM,0.01,True,False,treated__treated_lag_22,treated_lag,,0.004206654197465747,0.004206654197465747,0.0007153860960052514,405
SCM,0.01,True,False,netconsumption_124,current_donor,netconsumption_124,0.004195382628902471,0.004195382628902471,0.0007134692464017838,406
SCM,0.01,True,False,netconsumption_209,current_donor,netconsumption_209,0.004154898771486285,0.004154898771486285,0.0007065845377120023,407
SCM,0.01,True,False,netconsumption_33,current_donor,netconsumption_33,0.004146246634156161,0.004146246634156161,0.0007051131501302925,408
SCM,0.01,True,False,netconsumption_102,current_donor,netconsumption_102,0.004123768846603022,0.004123768846603022,0.0007012905643103877,409
SCM,0.01,True,False,treated__treated_lag_7,treated_lag,,0.004120915975836072,0.004120915975836072,0.000700805403423713,410
SCM,0.01,True,False,treated__treated_lag_24,treated_lag,,0.004113138265335919,0.004113138265335919,0.0006994827213848815,411
SCM,0.01,True,False,netconsumption_285__donor_lag_3,donor_lag,netconsumption_285,0.004112792616035455,0.004112792616035455,0.0006994239400608081,412
SCM,0.01,True,False,netconsumption_91,current_donor,netconsumption_91,-0.004089087744986807,0.004089087744986807,0.0006953926756973108,413
SCM,0.01,True,False,netconsumption_135__donor_lag_3,donor_lag,netconsumption_135,-0.0040430705925455935,0.0040430705925455935,0.0006875669715892739,414
SCM,0.01,True,False,netconsumption_242__donor_lag_14,donor_lag,netconsumption_242,-0.004041615613409878,0.004041615613409878,0.0006873195369785812,415
SCM,0.01,True,False,netconsumption_213,current_donor,netconsumption_213,0.004038169373470868,0.004038169373470868,0.0006867334673802409,416
SCM,0.01,True,False,netconsumption_198,current_donor,netconsumption_198,-0.004035572795166259,0.004035572795166259,0.000686291891741001,417
SCM,0.01,True,False,netconsumption_132,current_donor,netconsumption_132,-0.004021909241967882,0.004021909241967882,0.0006839682598185019,418
SCM,0.01,True,False,netconsumption_97,current_donor,netconsumption_97,-0.004012040922460686,0.004012040922460686,0.0006822900475778478,419
SCM,0.01,True,False,netconsumption_247,current_donor,netconsumption_247,0.003972879408785442,0.003972879408785442,0.0006756302174452292,420
SCM,0.01,True,False,netconsumption_222__donor_lag_14,donor_lag,netconsumption_222,-0.003930442086824553,0.003930442086824553,0.0006684133014218471,421
SCM,0.01,True,False,netconsumption_63,current_donor,netconsumption_63,0.003914663400974369,0.003914663400974369,0.0006657299687920206,422
SCM,0.01,True,False,treated__treated_lag_26,treated_lag,,0.003868023925772977,0.003868023925772977,0.0006577984321080312,423
SCM,0.01,True,False,netconsumption_231__donor_lag_3,donor_lag,netconsumption_231,-0.0038202281531936944,0.0038202281531936944,0.0006496702548093964,424
SCM,0.01,True,False,netconsumption_19,current_donor,netconsumption_19,0.00380581170031518,0.00380581170031518,0.000647218584322857,425
SCM,0.01,True,False,treated__treated_lag_144,treated_lag,,0.003789505090544011,0.003789505090544011,0.0006444454726393947,426
SCM,0.01,True,False,netconsumption_122__donor_lag_3,donor_lag,netconsumption_122,0.003749481716769425,0.003749481716769425,0.0006376390740695267,427
SCM,0.01,True,False,netconsumption_286__donor_lag_11,donor_lag,netconsumption_286,-0.0037208313519063183,0.0037208313519063183,0.0006327667761086219,428
SCM,0.01,True,False,netconsumption_138,current_donor,netconsumption_138,-0.0037206351621092626,0.0037206351621092626,0.000632733411955924,429
SCM,0.01,True,False,netconsumption_132__donor_lag_13,donor_lag,netconsumption_132,0.003719112140646328,0.003719112140646328,0.0006324744060268991,430
SCM,0.01,True,False,netconsumption_162,current_donor,netconsumption_162,0.0036796301852315256,0.0036796301852315256,0.0006257600813828947,431
SCM,0.01,True,False,treated__treated_lag_129,treated_lag,,-0.003655076546383221,0.003655076546383221,0.0006215844750663609,432
SCM,0.01,True,False,netconsumption_142__donor_lag_3,donor_lag,netconsumption_142,0.003648334537259162,0.003648334537259162,0.0006204379250149215,433
SCM,0.01,True,False,treated__treated_lag_15,treated_lag,,0.0036282263025416185,0.0036282263025416185,0.000617018306748983,434
SCM,0.01,True,False,netconsumption_279,current_donor,netconsumption_279,0.0036226109461239098,0.0036226109461239098,0.0006160633559218475,435
SCM,0.01,True,False,netconsumption_64__donor_lag_6,donor_lag,netconsumption_64,0.0036199456638043863,0.0036199456638043863,0.0006156100964372755,436
SCM,0.01,True,False,netconsumption_160,current_donor,netconsumption_160,-0.0035845101687420108,0.0035845101687420108,0.0006095839152294268,437
SCM,0.01,True,False,netconsumption_85__donor_lag_11,donor_lag,netconsumption_85,0.0035770167099032774,0.0035770167099032774,0.0006083095731959298,438
SCM,0.01,True,False,treated__treated_lag_336,treated_lag,,0.003550309504698277,0.003550309504698277,0.0006037677301135279,439
SCM,0.01,True,False,netconsumption_86,current_donor,netconsumption_86,-0.003544283406181525,0.003544283406181525,0.0006027429282425685,440
SCM,0.01,True,False,netconsumption_221__donor_lag_1,donor_lag,netconsumption_221,-0.0035435596075473657,0.0035435596075473657,0.0006026198386195857,441
SCM,0.01,True,False,netconsumption_177__donor_lag_3,donor_lag,netconsumption_177,-0.0035330271469362733,0.0035330271469362733,0.0006008286821507612,442
SCM,0.01,True,False,netconsumption_270__donor_lag_3,donor_lag,netconsumption_270,0.00352649406068887,0.00352649406068887,0.0005997176616470527,443
SCM,0.01,True,False,netconsumption_6__donor_lag_6,donor_lag,netconsumption_6,0.00352566200358098,0.00352566200358098,0.0005995761615241224,444
SCM,0.01,True,False,netconsumption_208,current_donor,netconsumption_208,0.0035096915249486055,0.0035096915249486055,0.0005968602125005415,445
SCM,0.01,True,False,treated__treated_lag_49,treated_lag,,0.0034881504598211384,0.0034881504598211384,0.0005931969262492929,446
SCM,0.01,True,False,netconsumption_195,current_donor,netconsumption_195,0.003475922233577167,0.003475922233577167,0.0005911173868759321,447
SCM,0.01,True,False,netconsumption_220,current_donor,netconsumption_220,0.0034595957705695155,0.0034595957705695155,0.0005883408989393543,448
SCM,0.01,True,False,netconsumption_281__donor_lag_23,donor_lag,netconsumption_281,0.0033954412980402,0.0033954412980402,0.0005774307514706909,449
SCM,0.01,True,False,netconsumption_66__donor_lag_3,donor_lag,netconsumption_66,-0.0033870425293807847,0.0033870425293807847,0.0005760024519146851,450
SCM,0.01,True,False,netconsumption_123__donor_lag_3,donor_lag,netconsumption_123,-0.0033644975526343026,0.0033644975526343026,0.0005721684398608986,451
SCM,0.01,True,False,netconsumption_253,current_donor,netconsumption_253,-0.003358618161166722,0.003358618161166722,0.0005711685870773223,452
SCM,0.01,True,False,netconsumption_143__donor_lag_3,donor_lag,netconsumption_143,0.003348578220570902,0.003348578220570902,0.0005694611888530291,453
SCM,0.01,True,False,netconsumption_53__donor_lag_6,donor_lag,netconsumption_53,-0.0033422309224335244,0.0033422309224335244,0.0005683817635849823,454
SCM,0.01,True,False,netconsumption_271__donor_lag_6,donor_lag,netconsumption_271,-0.0033406455240925373,0.0033406455240925373,0.0005681121498072548,455
SCM,0.01,True,False,netconsumption_191,current_donor,netconsumption_191,-0.0033281748254348907,0.0033281748254348907,0.0005659913754320931,456
SCM,0.01,True,False,netconsumption_276__donor_lag_3,donor_lag,netconsumption_276,-0.003310901991718923,0.003310901991718923,0.0005630539471342173,457
SCM,0.01,True,False,treated__treated_lag_17,treated_lag,,0.003291970305468324,0.003291970305468324,0.0005598344133950829,458
SCM,0.01,True,False,netconsumption_41__donor_lag_14,donor_lag,netconsumption_41,0.003286490028189467,0.003286490028189467,0.0005589024342060376,459
SCM,0.01,True,False,netconsumption_90__donor_lag_14,donor_lag,netconsumption_90,-0.0032798148073823544,0.0032798148073823544,0.0005577672422152032,460
SCM,0.01,True,False,netconsumption_52__donor_lag_6,donor_lag,netconsumption_52,-0.0032793243119208617,0.0032793243119208617,0.0005576838282674827,461
SCM,0.01,True,False,treated__treated_lag_21,treated_lag,,0.0032775224013396284,0.0032775224013396284,0.0005573773942903719,462
SCM,0.01,True,False,netconsumption_199__donor_lag_9,donor_lag,netconsumption_199,-0.0032564135065574554,0.0032564135065574554,0.0005537876031831538,463
SCM,0.01,True,False,netconsumption_5,current_donor,netconsumption_5,-0.0032494893746232646,0.0032494893746232646,0.0005526100812191164,464
SCM,0.01,True,False,treated__treated_lag_10,treated_lag,,0.003230047642686868,0.003230047642686868,0.0005493038088095757,465
SCM,0.01,True,False,netconsumption_297,current_donor,netconsumption_297,-0.003225712523228394,0.003225712523228394,0.0005485665758354505,466
SCM,0.01,True,False,netconsumption_100__donor_lag_14,donor_lag,netconsumption_100,-0.003221125271779039,0.003221125271779039,0.0005477864651461228,467
SCM,0.01,True,False,netconsumption_78__donor_lag_3,donor_lag,netconsumption_78,-0.0032170480760198355,0.0032170480760198355,0.0005470930948285476,468
SCM,0.01,True,False,netconsumption_291__donor_lag_24,donor_lag,netconsumption_291,0.0031953663364550355,0.0031953663364550355,0.0005434058853994461,469
SCM,0.01,True,False,treated__treated_lag_192,treated_lag,,0.0031744817265204504,0.0031744817265204504,0.0005398542363058039,470
SCM,0.01,True,False,treated__treated_lag_46,treated_lag,,0.003153559937842656,0.003153559937842656,0.0005362962645731451,471
SCM,0.01,True,False,netconsumption_42__donor_lag_3,donor_lag,netconsumption_42,0.0031317258347445557,0.0031317258347445557,0.0005325831441116305,472
SCM,0.01,True,False,netconsumption_90,current_donor,netconsumption_90,-0.0031313371737997295,0.0031313371737997295,0.0005325170482019271,473
SCM,0.01,True,False,netconsumption_220__donor_lag_3,donor_lag,netconsumption_220,-0.003130567542703361,0.003130567542703361,0.0005323861642833661,474
SCM,0.01,True,False,treated__treated_lag_45,treated_lag,,0.003111991964113795,0.003111991964113795,0.000529227190423277,475
SCM,0.01,True,False,treated__treated_lag_16,treated_lag,,0.003069040576776531,0.003069040576776531,0.0005219228521385362,476
SCM,0.01,True,False,netconsumption_38,current_donor,netconsumption_38,-0.0030027631036679,0.0030027631036679,0.0005106516659381491,477
SCM,0.01,True,False,netconsumption_195__donor_lag_14,donor_lag,netconsumption_195,0.002987317021604199,0.002987317021604199,0.0005080248961045876,478
SCM,0.01,True,False,netconsumption_35__donor_lag_24,donor_lag,netconsumption_35,-0.0029781721281338276,0.0029781721281338276,0.0005064697101227937,479
SCM,0.01,True,False,netconsumption_14,current_donor,netconsumption_14,0.002975387280121162,0.002975387280121162,0.0005059961172258666,480
SCM,0.01,True,False,treated__treated_lag_50,treated_lag,,0.002966341671443359,0.002966341671443359,0.0005044578156745046,481
SCM,0.01,True,False,netconsumption_48__donor_lag_3,donor_lag,netconsumption_48,0.0029396812504124954,0.0029396812504124954,0.0004999239287363732,482
SCM,0.01,True,False,netconsumption_273__donor_lag_3,donor_lag,netconsumption_273,-0.002935317500443598,0.002935317500443598,0.0004991818268407448,483
SCM,0.01,True,False,treated__treated_lag_12,treated_lag,,0.0029353015961003756,0.0029353015961003756,0.0004991791221387481,484
SCM,0.01,True,False,treated__treated_lag_288,treated_lag,,0.0029337210683768496,0.0029337210683768496,0.0004989103366611011,485
SCM,0.01,True,False,netconsumption_266__donor_lag_13,donor_lag,netconsumption_266,-0.0028443969008313417,0.0028443969008313417,0.00048371981600033547,486
SCM,0.01,True,False,netconsumption_278,current_donor,netconsumption_278,0.0028417073006611632,0.0028417073006611632,0.00048326242100772633,487
SCM,0.01,True,False,netconsumption_192__donor_lag_1,donor_lag,netconsumption_192,0.002830220413238776,0.002830220413238776,0.00048130895415197575,488
SCM,0.01,True,False,netconsumption_108__donor_lag_14,donor_lag,netconsumption_108,-0.0027937379596743644,0.0027937379596743644,0.00047510472656325206,489
SCM,0.01,True,False,netconsumption_102__donor_lag_3,donor_lag,netconsumption_102,-0.002781362824560949,0.002781362824560949,0.0004730002037808334,490
SCM,0.01,True,False,netconsumption_240,current_donor,netconsumption_240,0.0027751585577587695,0.0027751585577587695,0.0004719451025060816,491
SCM,0.01,True,False,treated__treated_lag_25,treated_lag,,0.002773185352719942,0.002773185352719942,0.0004716095380923974,492
SCM,0.01,True,False,treated__treated_lag_32,treated_lag,,0.002762634904508761,0.002762634904508761,0.0004698153226416838,493
SCM,0.01,True,False,netconsumption_101__donor_lag_3,donor_lag,netconsumption_101,-0.002762047518113965,0.002762047518113965,0.00046971543136465114,494
SCM,0.01,True,False,netconsumption_19__donor_lag_3,donor_lag,netconsumption_19,-0.0027553634670164154,0.0027553634670164154,0.0004685787376894124,495
SCM,0.01,True,False,netconsumption_143,current_donor,netconsumption_143,0.0027401319383711644,0.0027401319383711644,0.00046598845493684327,496
SCM,0.01,True,False,netconsumption_27,current_donor,netconsumption_27,0.0027361090351265323,0.0027361090351265323,0.0004653043176363449,497
SCM,0.01,True,False,netconsumption_200__donor_lag_13,donor_lag,netconsumption_200,0.0027336270539619328,0.0027336270539619328,0.0004648822304543818,498
SCM,0.01,True,False,treated__treated_lag_52,treated_lag,,0.002722584345042407,0.002722584345042407,0.0004630043008570261,499
SCM,0.01,True,False,netconsumption_84__donor_lag_18,donor_lag,netconsumption_84,0.002721602544798464,0.002721602544798464,0.00046283733532798534,500
SCM,0.01,True,False,treated__treated_lag_123,treated_lag,,-0.0026995274273516707,0.0026995274273516707,0.0004590832278240614,501
SCM,0.01,True,False,netconsumption_134,current_donor,netconsumption_134,-0.0026944694680070625,0.0026944694680070625,0.0004582230682722085,502
SCM,0.01,True,False,treated__treated_lag_88,treated_lag,,0.0026762254585311496,0.0026762254585311496,0.0004551204812513122,503
SCM,0.01,True,False,treated__treated_lag_89,treated_lag,,0.0026729848458284197,0.0026729848458284197,0.00045456938074215513,504
SCM,0.01,True,False,netconsumption_259__donor_lag_3,donor_lag,netconsumption_259,0.002660077822215454,0.002660077822215454,0.00045237440468752965,505
SCM,0.01,True,False,netconsumption_125__donor_lag_3,donor_lag,netconsumption_125,-0.002632881353593192,0.002632881353593192,0.0004477493571795766,506
SCM,0.01,True,False,treated__treated_lag_142,treated_lag,,0.002632587944523216,0.002632587944523216,0.00044769945985993737,507
SCM,0.01,True,False,treated__treated_lag_19,treated_lag,,0.0026260322750140896,0.0026260322750140896,0.00044658459883340943,508
SCM,0.01,True,False,netconsumption_215,current_donor,netconsumption_215,0.0026178932511434997,0.0026178932511434997,0.00044520047162951835,509
SCM,0.01,True,False,netconsumption_127__donor_lag_13,donor_lag,netconsumption_127,0.002593176136726221,0.002593176136726221,0.00044099706456122534,510
SCM,0.01,True,False,netconsumption_274__donor_lag_6,donor_lag,netconsumption_274,-0.0025845931232000964,0.0025845931232000964,0.0004395374322144273,511
SCM,0.01,True,False,netconsumption_51,current_donor,netconsumption_51,-0.0025810680264250346,0.0025810680264250346,0.00043893795217599883,512
SCM,0.01,True,False,netconsumption_12__donor_lag_14,donor_lag,netconsumption_12,-0.002559915825058552,0.002559915825058552,0.0004353407963254892,513
SCM,0.01,True,False,netconsumption_152__donor_lag_3,donor_lag,netconsumption_152,-0.002558142322907771,0.002558142322907771,0.00043503919350283064,514
SCM,0.01,True,False,treated__treated_lag_320,treated_lag,,-0.002547858526340622,0.002547858526340622,0.00043329032498810535,515
SCM,0.01,True,False,netconsumption_56__donor_lag_23,donor_lag,netconsumption_56,-0.00250646436226221,0.00250646436226221,0.0004262508090099924,516
SCM,0.01,True,False,treated__treated_lag_244,treated_lag,,0.0024900347606908115,0.0024900347606908115,0.00042345678126838116,517
SCM,0.01,True,False,treated__treated_lag_206,treated_lag,,-0.0024778338826004502,0.0024778338826004502,0.00042138189273816683,518
SCM,0.01,True,False,netconsumption_2,current_donor,netconsumption_2,-0.0024766385842871913,0.0024766385842871913,0.0004211786196014305,519
SCM,0.01,True,False,treated__treated_lag_92,treated_lag,,0.002475248507853751,0.002475248507853751,0.00042094222238259877,520
SCM,0.01,True,False,netconsumption_178__donor_lag_3,donor_lag,netconsumption_178,-0.002442705452722518,0.002442705452722518,0.00041540793121684486,521
SCM,0.01,True,False,treated__treated_lag_147,treated_lag,,0.002442033283527433,0.002442033283527433,0.0004152936217267478,522
SCM,0.01,True,False,treated__treated_lag_231,treated_lag,,-0.0024266354023976633,0.0024266354023976633,0.0004126750489724636,523
SCM,0.01,True,False,treated__treated_lag_193,treated_lag,,0.0024255530700441072,0.0024255530700441072,0.0004124909868935181,524
SCM,0.01,True,False,netconsumption_293__donor_lag_7,donor_lag,netconsumption_293,0.0024248037153930414,0.0024248037153930414,0.00041236355119921443,525
SCM,0.01,True,False,treated__treated_lag_240,treated_lag,,0.0023921624426959335,0.0023921624426959335,0.00040681255709623004,526
SCM,0.01,True,False,netconsumption_20,current_donor,netconsumption_20,0.002388960626655924,0.002388960626655924,0.0004062680543704369,527
SCM,0.01,True,False,netconsumption_182,current_donor,netconsumption_182,0.0023861088819209673,0.0023861088819209673,0.00040578308497742776,528
SCM,0.01,True,False,netconsumption_184__donor_lag_13,donor_lag,netconsumption_184,-0.0023851213978587616,0.0023851213978587616,0.0004056151528548981,529
SCM,0.01,True,False,treated__treated_lag_20,treated_lag,,0.002371231335269607,0.002371231335269607,0.0004032530006116949,530
SCM,0.01,True,False,netconsumption_18,current_donor,netconsumption_18,-0.0023698940676810613,0.0023698940676810613,0.0004030255840961989,531
SCM,0.01,True,False,netconsumption_118,current_donor,netconsumption_118,0.0023633187836048387,0.0023633187836048387,0.0004019073874048122,532
SCM,0.01,True,False,netconsumption_5__donor_lag_6,donor_lag,netconsumption_5,0.002334348094299127,0.002334348094299127,0.00039698061488011076,533
SCM,0.01,True,False,netconsumption_216,current_donor,netconsumption_216,-0.002331495407797951,0.002331495407797951,0.0003964954853297825,534
SCM,0.01,True,False,treated__treated_lag_30,treated_lag,,0.0023313919262847134,0.0023313919262847134,0.0003964778872025562,535
SCM,0.01,True,False,netconsumption_72,current_donor,netconsumption_72,0.0023131267292375805,0.0023131267292375805,0.00039337169701079126,536
SCM,0.01,True,False,treated__treated_lag_312,treated_lag,,-0.002308456889678037,0.002308456889678037,0.0003925775413386932,537
SCM,0.01,True,False,netconsumption_49,current_donor,netconsumption_49,-0.0023044250351414008,0.0023044250351414008,0.00039189188177619265,538
SCM,0.01,True,False,treated__treated_lag_126,treated_lag,,-0.0022958102905549266,0.0022958102905549266,0.00039042685322654083,539
SCM,0.01,True,False,netconsumption_264__donor_lag_6,donor_lag,netconsumption_264,-0.002292734571056803,0.002292734571056803,0.0003899037945530954,540
SCM,0.01,True,False,treated__treated_lag_124,treated_lag,,-0.002292468188370715,0.002292468188370715,0.00038985849335625383,541
SCM,0.01,True,False,treated__treated_lag_204,treated_lag,,-0.002280111164648909,0.002280111164648909,0.00038775705060778345,542
SCM,0.01,True,False,treated__treated_lag_140,treated_lag,,0.002267748864835892,0.002267748864835892,0.0003856547106041272,543
SCM,0.01,True,False,treated__treated_lag_99,treated_lag,,0.0022623596984303867,0.0022623596984303867,0.0003847382257839868,544
SCM,0.01,True,False,netconsumption_18__donor_lag_11,donor_lag,netconsumption_18,-0.0022550848211627264,0.0022550848211627264,0.00038350105586149497,545
SCM,0.01,True,False,netconsumption_182__donor_lag_24,donor_lag,netconsumption_182,0.0022347531285297137,0.0022347531285297137,0.00038004343621054473,546
SCM,0.01,True,False,treated__treated_lag_111,treated_lag,,0.0021969259167181152,0.0021969259167181152,0.00037361051824049487,547
SCM,0.01,True,False,treated__treated_lag_318,treated_lag,,-0.00219595318110725,0.00219595318110725,0.0003734450942483061,548
SCM,0.01,True,False,netconsumption_112,current_donor,netconsumption_112,0.0021752932209207604,0.0021752932209207604,0.00036993164922343564,549
SCM,0.01,True,False,treated__treated_lag_316,treated_lag,,-0.0021589610254654553,0.0021589610254654553,0.00036715418642342603,550
SCM,0.01,True,False,treated__treated_lag_54,treated_lag,,0.002140174294664605,0.002140174294664605,0.00036395930389364296,551
SCM,0.01,True,False,treated__treated_lag_276,treated_lag,,0.002124111035994954,0.002124111035994954,0.00036122757664215486,552
SCM,0.01,True,False,netconsumption_295__donor_lag_13,donor_lag,netconsumption_295,-0.0021121206341423327,0.0021121206341423327,0.0003591884818251745,553
SCM,0.01,True,False,treated__treated_lag_41,treated_lag,,0.0020972818858280783,0.0020972818858280783,0.0003566649955275525,554
SCM,0.01,True,False,treated__treated_lag_36,treated_lag,,0.002095120155345078,0.002095120155345078,0.0003562973703655459,555
SCM,0.01,True,False,treated__treated_lag_302,treated_lag,,-0.0020923042752875333,0.0020923042752875333,0.00035581850014074836,556
SCM,0.01,True,False,treated__treated_lag_98,treated_lag,,0.0020909061981875705,0.0020909061981875705,0.000355580742323845,557
SCM,0.01,True,False,treated__treated_lag_255,treated_lag,,0.0020889994140307535,0.0020889994140307535,0.0003552564734845637,558
SCM,0.01,True,False,netconsumption_229,current_donor,netconsumption_229,-0.0020885306166688543,0.0020885306166688543,0.00035517674952846844,559
SCM,0.01,True,False,treated__treated_lag_97,treated_lag,,0.002085756760143537,0.002085756760143537,0.00035470502585036793,560
SCM,0.01,True,False,netconsumption_210__donor_lag_3,donor_lag,netconsumption_210,-0.002067653161604374,0.002067653161604374,0.00035162631719625983,561
SCM,0.01,True,False,netconsumption_175__donor_lag_24,donor_lag,netconsumption_175,0.002036769657641187,0.002036769657641187,0.0003463742502817753,562
SCM,0.01,True,False,treated__treated_lag_95,treated_lag,,0.002026096049439029,0.002026096049439029,0.00034455909017029493,563
SCM,0.01,True,False,netconsumption_262,current_donor,netconsumption_262,-0.0020210824464489386,0.0020210824464489386,0.0003437064738862748,564
SCM,0.01,True,False,netconsumption_258__donor_lag_3,donor_lag,netconsumption_258,-0.001995481371496496,0.001995481371496496,0.00033935273996757063,565
SCM,0.01,True,False,treated__treated_lag_307,treated_lag,,-0.001981407817205979,0.001981407817205979,0.0003369593830173187,566
SCM,0.01,True,False,netconsumption_118__donor_lag_3,donor_lag,netconsumption_118,-0.0019694871874544728,0.0019694871874544728,0.00033493215368504047,567
SCM,0.01,True,False,treated__treated_lag_40,treated_lag,,0.001968451455930033,0.001968451455930033,0.0003347560165706028,568
SCM,0.01,True,False,treated__treated_lag_28,treated_lag,,0.0019492643507009165,0.0019492643507009165,0.0003314930461292082,569
SCM,0.01,True,False,netconsumption_124__donor_lag_23,donor_lag,netconsumption_124,-0.0019359978526677646,0.0019359978526677646,0.0003292369376424884,570
SCM,0.01,True,False,treated__treated_lag_122,treated_lag,,-0.0019312426548273882,0.0019312426548273882,0.00032842826589076494,571
SCM,0.01,True,False,netconsumption_280,current_donor,netconsumption_280,-0.0019139725828574608,0.0019139725828574608,0.000325491307257051,572
SCM,0.01,True,False,treated__treated_lag_145,treated_lag,,0.0019069632008523409,0.0019069632008523409,0.0003242992876156283,573
SCM,0.01,True,False,treated__treated_lag_31,treated_lag,,0.0018911402041679368,0.0018911402041679368,0.0003216084194591777,574
SCM,0.01,True,False,netconsumption_267__donor_lag_11,donor_lag,netconsumption_267,0.0018660340467664765,0.0018660340467664765,0.000317338851511343,575
SCM,0.01,True,False,netconsumption_299,current_donor,netconsumption_299,-0.0018639000106333166,0.0018639000106333166,0.00031697593606681824,576
SCM,0.01,True,False,treated__treated_lag_9,treated_lag,,0.001850686869227304,0.001850686869227304,0.00031472890143960613,577
SCM,0.01,True,False,netconsumption_62,current_donor,netconsumption_62,0.001844751846616281,0.001844751846616281,0.000313719587990937,578
SCM,0.01,True,False,netconsumption_140,current_donor,netconsumption_140,0.0018423381003349832,0.0018423381003349832,0.0003133091048735072,579
SCM,0.01,True,False,treated__treated_lag_18,treated_lag,,-0.0018403036019569814,0.0018403036019569814,0.0003129631168783816,580
SCM,0.01,True,False,treated__treated_lag_112,treated_lag,,0.0018369262466045731,0.0018369262466045731,0.0003123887618335012,581
SCM,0.01,True,False,treated__treated_lag_23,treated_lag,,0.0018113091454150464,0.0018113091454150464,0.0003080323024834583,582
SCM,0.01,True,False,treated__treated_lag_43,treated_lag,,0.001797686193622809,0.001797686193622809,0.0003057155752600541,583
SCM,0.01,True,False,netconsumption_238,current_donor,netconsumption_238,0.0017910342524026742,0.0017910342524026742,0.000304584342209523,584
SCM,0.01,True,False,treated__treated_lag_321,treated_lag,,-0.0017886358109014018,0.0017886358109014018,0.0003041764618320187,585
SCM,0.01,True,False,treated__treated_lag_94,treated_lag,,0.0017789998967650566,0.0017789998967650566,0.00030253777258592034,586
SCM,0.01,True,False,netconsumption_196__donor_lag_11,donor_lag,netconsumption_196,-0.001774394034361285,0.001774394034361285,0.00030175449690669846,587
SCM,0.01,True,False,treated__treated_lag_306,treated_lag,,-0.0017698862102804003,0.0017698862102804003,0.0003009878936825386,588
SCM,0.01,True,False,netconsumption_44,current_donor,netconsumption_44,0.0017672892085330268,0.0017672892085330268,0.0003005462460323725,589
SCM,0.01,True,False,netconsumption_173,current_donor,netconsumption_173,0.0017493092417849186,0.0017493092417849186,0.00029748856227363086,590
SCM,0.01,True,False,treated__treated_lag_194,treated_lag,,0.0017418432992403177,0.0017418432992403177,0.0002962188996773568,591
SCM,0.01,True,False,treated__treated_lag_184,treated_lag,,0.0017372467935988722,0.0017372467935988722,0.00029543721521465936,592
SCM,0.01,True,False,netconsumption_105__donor_lag_6,donor_lag,netconsumption_105,-0.0017371700868791863,0.0017371700868791863,0.00029542417042462967,593
SCM,0.01,True,False,treated__treated_lag_159,treated_lag,,0.0017058841638707216,0.0017058841638707216,0.0002901036678897577,594
SCM,0.01,True,False,netconsumption_119,current_donor,netconsumption_119,-0.0016906165622924086,0.0016906165622924086,0.0002875072505528982,595
SCM,0.01,True,False,treated__treated_lag_143,treated_lag,,0.0016865726705164253,0.0016865726705164253,0.00028681954393036874,596
SCM,0.01,True,False,treated__treated_lag_113,treated_lag,,0.0016863565625382356,0.0016863565625382356,0.00028678279248002943,597
SCM,0.01,True,False,treated__treated_lag_116,treated_lag,,0.0016694269555998667,0.0016694269555998667,0.0002839037335305585,598
SCM,0.01,True,False,treated__treated_lag_286,treated_lag,,0.0016541614815909474,0.0016541614815909474,0.000281307678009406,599
SCM,0.01,True,False,netconsumption_141__donor_lag_24,donor_lag,netconsumption_141,-0.001652110362408425,0.001652110362408425,0.0002809588634704524,600
SCM,0.01,True,False,netconsumption_165,current_donor,netconsumption_165,-0.0016493206459507817,0.0016493206459507817,0.00028048444264289847,601
SCM,0.01,True,False,treated__treated_lag_13,treated_lag,,0.001645800448141368,0.001645800448141368,0.0002798857957254599,602
SCM,0.01,True,False,treated__treated_lag_275,treated_lag,,0.0016444493850869095,0.0016444493850869095,0.00027965603314488737,603
SCM,0.01,True,False,treated__treated_lag_57,treated_lag,,0.0016130069821763654,0.0016130069821763654,0.0002743089195454978,604
SCM,0.01,True,False,netconsumption_284,current_donor,netconsumption_284,-0.001612147305500084,0.001612147305500084,0.00027416272242246305,605
SCM,0.01,True,False,netconsumption_139,current_donor,netconsumption_139,-0.0016120946953929144,0.0016120946953929144,0.00027415377551658207,606
SCM,0.01,True,False,treated__treated_lag_63,treated_lag,,0.0016087741358205986,0.0016087741358205986,0.0002735890791955907,607
SCM,0.01,True,False,netconsumption_32,current_donor,netconsumption_32,0.0016027896399141719,0.0016027896399141719,0.00027257135228910115,608
SCM,0.01,True,False,treated__treated_lag_141,treated_lag,,0.00157809040193773,0.00157809040193773,0.0002683709852988893,609
SCM,0.01,True,False,treated__treated_lag_128,treated_lag,,-0.0015757025607927634,0.0015757025607927634,0.00026796490762423574,610
SCM,0.01,True,False,treated__treated_lag_213,treated_lag,,0.0015755863787763526,0.0015755863787763526,0.0002679451496419428,611
SCM,0.01,True,False,treated__treated_lag_137,treated_lag,,0.0015673381359186528,0.0015673381359186528,0.00026654244859263194,612
SCM,0.01,True,False,treated__treated_lag_225,treated_lag,,-0.0015647773607666295,0.0015647773607666295,0.0002661069616586556,613
SCM,0.01,True,False,treated__treated_lag_138,treated_lag,,0.001560436444442512,0.001560436444442512,0.00026536874286613713,614
SCM,0.01,True,False,treated__treated_lag_291,treated_lag,,0.00155002415119188,0.00155002415119188,0.0002635980221295672,615
SCM,0.01,True,False,netconsumption_239__donor_lag_18,donor_lag,netconsumption_239,0.0015417291231842405,0.0015417291231842405,0.0002621873647700404,616
SCM,0.01,True,False,treated__treated_lag_294,treated_lag,,0.001539222452347507,0.001539222452347507,0.0002617610788478599,617
SCM,0.01,True,False,treated__treated_lag_315,treated_lag,,-0.0015391458506675924,0.0015391458506675924,0.0002617480519209557,618
SCM,0.01,True,False,treated__treated_lag_27,treated_lag,,0.0015254813555470943,0.0015254813555470943,0.00025942425981462453,619
SCM,0.01,True,False,netconsumption_114__donor_lag_3,donor_lag,netconsumption_114,-0.0015129368253883277,0.0015129368253883277,0.0002572909296107997,620
SCM,0.01,True,False,treated__treated_lag_117,treated_lag,,0.0015026019184490233,0.0015026019184490233,0.00025553336923601525,621
SCM,0.01,True,False,treated__treated_lag_114,treated_lag,,0.001498299820304304,0.001498299820304304,0.00025480175188599956,622
SCM,0.01,True,False,treated__treated_lag_267,treated_lag,,0.0014905367509723648,0.0014905367509723648,0.0002534815597328771,623
SCM,0.01,True,False,netconsumption_77__donor_lag_24,donor_lag,netconsumption_77,0.0014904106179245789,0.0014904106179245789,0.00025346010947231435,624
SCM,0.01,True,False,treated__treated_lag_188,treated_lag,,0.0014851418646910299,0.0014851418646910299,0.0002525641021872767,625
SCM,0.01,True,False,netconsumption_288__donor_lag_3,donor_lag,netconsumption_288,0.0014822268058786526,0.0014822268058786526,0.00025206836556488716,626
SCM,0.01,True,False,treated__treated_lag_100,treated_lag,,0.001474798044825444,0.001474798044825444,0.0002508050260749875,627
SCM,0.01,True,False,netconsumption_257__donor_lag_14,donor_lag,netconsumption_257,0.0014583748442466113,0.0014583748442466113,0.0002480120868899505,628
SCM,0.01,True,False,treated__treated_lag_102,treated_lag,,0.0014429515934974984,0.0014429515934974984,0.0002453891997632252,629
SCM,0.01,True,False,treated__treated_lag_119,treated_lag,,-0.0014321920351167729,0.0014321920351167729,0.0002435594229136413,630
SCM,0.01,True,False,netconsumption_227,current_donor,netconsumption_227,0.001419555705098519,0.001419555705098519,0.00024141048117152266,631
SCM,0.01,True,False,treated__treated_lag_224,treated_lag,,-0.0014178934541527878,0.0014178934541527878,0.0002411277977944664,632
SCM,0.01,True,False,treated__treated_lag_35,treated_lag,,0.001410317915178389,0.001410317915178389,0.0002398394971646462,633
SCM,0.01,True,False,treated__treated_lag_323,treated_lag,,-0.001398340078972783,0.001398340078972783,0.00023780253926901482,634
SCM,0.01,True,False,treated__treated_lag_196,treated_lag,,0.0013973095541647224,0.0013973095541647224,0.00023762728761183815,635
SCM,0.01,True,False,netconsumption_38__donor_lag_13,donor_lag,netconsumption_38,-0.001394862386209188,0.001394862386209188,0.00023721112078475893,636
SCM,0.01,True,False,netconsumption_116,current_donor,netconsumption_116,-0.0013894587712801896,0.0013894587712801896,0.00023629217884018434,637
SCM,0.01,True,False,treated__treated_lag_292,treated_lag,,0.0013859497264943868,0.0013859497264943868,0.00023569542861252472,638
SCM,0.01,True,False,treated__treated_lag_295,treated_lag,,0.0013827747029393992,0.0013827747029393992,0.00023515548223254995,639
SCM,0.01,True,False,netconsumption_213__donor_lag_3,donor_lag,netconsumption_213,0.001362364229469699,0.001362364229469699,0.00023168446506600842,640
SCM,0.01,True,False,treated__treated_lag_64,treated_lag,,0.001354392753268777,0.001354392753268777,0.00023032883111772433,641
SCM,0.01,True,False,treated__treated_lag_273,treated_lag,,0.001340379200447809,0.001340379200447809,0.00022794567805280275,642
SCM,0.01,True,False,treated__treated_lag_260,treated_lag,,0.001335672119804899,0.001335672119804899,0.000227145189140084,643
SCM,0.01,True,False,treated__treated_lag_135,treated_lag,,0.0013328895786486013,0.0013328895786486013,0.00022667198854851243,644
SCM,0.01,True,False,netconsumption_85,current_donor,netconsumption_85,-0.001323622667555903,0.001323622667555903,0.00022509605217783878,645
SCM,0.01,True,False,netconsumption_2__donor_lag_14,donor_lag,netconsumption_2,0.001316576787292003,0.001316576787292003,0.0002238978256209831,646
SCM,0.01,True,False,netconsumption_79__donor_lag_14,donor_lag,netconsumption_79,-0.001305589597978655,0.001305589597978655,0.0002220293377206271,647
SCM,0.01,True,False,treated__treated_lag_169,treated_lag,,0.001302975506860118,0.001302975506860118,0.000221584783841913,648
SCM,0.01,True,False,netconsumption_140__donor_lag_1,donor_lag,netconsumption_140,-0.0013021744933086846,0.0013021744933086846,0.00022144856300451867,649
SCM,0.01,True,False,netconsumption_169__donor_lag_3,donor_lag,netconsumption_169,-0.0013002378268281043,0.0013002378268281043,0.0002211192123596187,650
SCM,0.01,True,False,netconsumption_283,current_donor,netconsumption_283,-0.0012894596446112842,0.0012894596446112842,0.0002192862683294749,651
SCM,0.01,True,False,treated__treated_lag_109,treated_lag,,0.0012886078873185012,0.0012886078873185012,0.00021914141798147263,652
SCM,0.01,True,False,treated__treated_lag_287,treated_lag,,0.001287634610871105,0.001287634610871105,0.0002189759020143042,653
SCM,0.01,True,False,treated__treated_lag_51,treated_lag,,0.0012862073781401797,0.0012862073781401797,0.00021873318597358886,654
SCM,0.01,True,False,netconsumption_58__donor_lag_14,donor_lag,netconsumption_58,-0.001273658456951624,0.001273658456951624,0.0002165991090286461,655
SCM,0.01,True,False,treated__treated_lag_239,treated_lag,,0.0012731578928266726,0.0012731578928266726,0.00021651398279807428,656
SCM,0.01,True,False,treated__treated_lag_90,treated_lag,,0.0012635817291981395,0.0012635817291981395,0.0002148854547586051,657
SCM,0.01,True,False,treated__treated_lag_55,treated_lag,,0.0012597533001002376,0.0012597533001002376,0.0002142343898462976,658
SCM,0.01,True,False,treated__treated_lag_108,treated_lag,,-0.001256743968759936,0.001256743968759936,0.0002137226211821603,659
SCM,0.01,True,False,netconsumption_17,current_donor,netconsumption_17,-0.0012501961724142685,0.0012501961724142685,0.00021260909907045773,660
SCM,0.01,True,False,treated__treated_lag_107,treated_lag,,0.0012472122899562703,0.0012472122899562703,0.0002121016582582674,661
SCM,0.01,True,False,treated__treated_lag_152,treated_lag,,-0.0012331099813212313,0.0012331099813212313,0.00020970341132721244,662
SCM,0.01,True,False,treated__treated_lag_214,treated_lag,,0.0012313287710225874,0.0012313287710225874,0.0002094004976523782,663
SCM,0.01,True,False,netconsumption_131__donor_lag_13,donor_lag,netconsumption_131,0.0012208991915574167,0.0012208991915574167,0.00020762683721195981,664
SCM,0.01,True,False,treated__treated_lag_42,treated_lag,,0.0012190776823141549,0.0012190776823141549,0.00020731707027481542,665
SCM,0.01,True,False,treated__treated_lag_14,treated_lag,,-0.001211559342784755,0.001211559342784755,0.00020603849701637656,666
SCM,0.01,True,False,treated__treated_lag_228,treated_lag,,-0.0012002519504856854,0.0012002519504856854,0.00020411555520725316,667
SCM,0.01,True,False,treated__treated_lag_226,treated_lag,,-0.001193968189224769,0.001193968189224769,0.00020304693505792304,668
SCM,0.01,True,False,treated__treated_lag_133,treated_lag,,-0.0011891422668883615,0.0011891422668883615,0.0002022262358566559,669
SCM,0.01,True,False,netconsumption_277__donor_lag_14,donor_lag,netconsumption_277,-0.0011829473323272674,0.0011829473323272674,0.0002011727216283319,670
SCM,0.01,True,False,treated__treated_lag_181,treated_lag,,0.0011701596146416913,0.0011701596146416913,0.00019899803481014447,671
SCM,0.01,True,False,netconsumption_11,current_donor,netconsumption_11,-0.0011618323691635665,0.0011618323691635665,0.00019758189852856896,672
SCM,0.01,True,False,netconsumption_146,current_donor,netconsumption_146,0.001156966503745539,0.001156966503745539,0.00019675440658326317,673
SCM,0.01,True,False,treated__treated_lag_34,treated_lag,,0.0011541606447889087,0.0011541606447889087,0.0001962772405528026,674
SCM,0.01,True,False,treated__treated_lag_84,treated_lag,,0.001153960644016372,0.001153960644016372,0.00019624322830336474,675
SCM,0.01,True,False,treated__treated_lag_265,treated_lag,,0.0011439384653078866,0.0011439384653078866,0.00019453885067611653,676
SCM,0.01,True,False,treated__treated_lag_190,treated_lag,,0.0011434081411460708,0.0011434081411460708,0.00019444866343610828,677
SCM,0.01,True,False,treated__treated_lag_61,treated_lag,,0.0011380801284460323,0.0011380801284460323,0.00019354257845121856,678
SCM,0.01,True,False,treated__treated_lag_72,treated_lag,,0.0011295281870159902,0.0011295281870159902,0.0001920882302434222,679
SCM,0.01,True,False,treated__treated_lag_324,treated_lag,,-0.0011276511613571285,0.0011276511613571285,0.0001917690221518696,680
SCM,0.01,True,False,treated__treated_lag_179,treated_lag,,0.001119587167132086,0.001119587167132086,0.00019039765453379026,681
SCM,0.01,True,False,treated__treated_lag_165,treated_lag,,0.001118818739486091,0.001118818739486091,0.0001902669752747102,682
SCM,0.01,True,False,treated__treated_lag_59,treated_lag,,0.001118393980310077,0.001118393980310077,0.00019019474047850227,683
SCM,0.01,True,False,treated__treated_lag_168,treated_lag,,0.001102839569973411,0.001102839569973411,0.00018754954827489428,684
SCM,0.01,True,False,treated__treated_lag_266,treated_lag,,0.0010991328157597157,0.0010991328157597157,0.00018691917546521957,685
SCM,0.01,True,False,treated__treated_lag_326,treated_lag,,-0.0010966751560768312,0.0010966751560768312,0.00018650122440879392,686
SCM,0.01,True,False,netconsumption_191__donor_lag_3,donor_lag,netconsumption_191,0.0010869986430786147,0.0010869986430786147,0.0001848556308962802,687
SCM,0.01,True,False,treated__treated_lag_332,treated_lag,,0.0010847576240974532,0.0010847576240974532,0.00018447452188547237,688
SCM,0.01,True,False,treated__treated_lag_256,treated_lag,,0.0010764314971701983,0.0010764314971701983,0.0001830585758253181,689
SCM,0.01,True,False,netconsumption_87__donor_lag_3,donor_lag,netconsumption_87,-0.0010730714280763262,0.0010730714280763262,0.00018248716049176842,690
SCM,0.01,True,False,treated__treated_lag_251,treated_lag,,0.0010630896224861932,0.0010630896224861932,0.00018078964874085945,691
SCM,0.01,True,False,treated__treated_lag_253,treated_lag,,0.0010551186898317088,0.0010551186898317088,0.00017943410722840337,692
SCM,0.01,True,False,treated__treated_lag_164,treated_lag,,0.001053616575090906,0.001053616575090906,0.00017917865670888546,693
SCM,0.01,True,False,netconsumption_68__donor_lag_1,donor_lag,netconsumption_68,-0.001052372297468579,0.001052372297468579,0.00017896705412193657,694
SCM,0.01,True,False,treated__treated_lag_329,treated_lag,,0.00105114174469574,0.00105114174469574,0.00017875778559099336,695
SCM,0.01,True,False,netconsumption_280__donor_lag_17,donor_lag,netconsumption_280,0.0010505317689765855,0.0010505317689765855,0.00017865405276012582,696
SCM,0.01,True,False,treated__treated_lag_303,treated_lag,,0.0010497909877121476,0.0010497909877121476,0.000178528075061013,697
SCM,0.01,True,False,treated__treated_lag_158,treated_lag,,-0.0010394413801320921,0.0010394413801320921,0.0001767680146865846,698
SCM,0.01,True,False,treated__treated_lag_60,treated_lag,,-0.001038939418276545,0.001038939418276545,0.00017668265075712261,699
SCM,0.01,True,False,netconsumption_192,current_donor,netconsumption_192,0.0010386224956895292,0.0010386224956895292,0.0001766287547148956,700
SCM,0.01,True,False,netconsumption_69,current_donor,netconsumption_69,-0.0010276058589391802,0.0010276058589391802,0.00017475525896602038,701
SCM,0.01,True,False,treated__treated_lag_284,treated_lag,,0.001023093191963223,0.001023093191963223,0.0001739878321562658,702
SCM,0.01,True,False,treated__treated_lag_319,treated_lag,,-0.001018848969286105,0.001018848969286105,0.00017326605714243428,703
SCM,0.01,True,False,treated__treated_lag_191,treated_lag,,0.0010047030771833786,0.0010047030771833786,0.0001708603983811371,704
SCM,0.01,True,False,treated__treated_lag_101,treated_lag,,0.0010026722836548045,0.0010026722836548045,0.00017051504043489219,705
SCM,0.01,True,False,treated__treated_lag_299,treated_lag,,-0.000989414730315553,0.000989414730315553,0.00016826045308809712,706
SCM,0.01,True,False,treated__treated_lag_236,treated_lag,,0.0009884853670142826,0.0009884853670142826,0.00016810240501648075,707
SCM,0.01,True,False,treated__treated_lag_83,treated_lag,,0.0009871627568071172,0.0009871627568071172,0.0001678774811439146,708
SCM,0.01,True,False,treated__treated_lag_176,treated_lag,,-0.000986202241259903,0.000986202241259903,0.00016771413530296386,709
SCM,0.01,True,False,treated__treated_lag_136,treated_lag,,0.0009754408039335672,0.0009754408039335672,0.00016588403891878035,710
SCM,0.01,True,False,treated__treated_lag_269,treated_lag,,0.000968410815641987,0.000968410815641987,0.00016468851496011838,711
SCM,0.01,True,False,treated__treated_lag_268,treated_lag,,0.0009648537308843471,0.0009648537308843471,0.00016408359502649016,712
SCM,0.01,True,False,treated__treated_lag_317,treated_lag,,-0.0009647635667703871,0.0009647635667703871,0.00016406826166404635,713
SCM,0.01,True,False,treated__treated_lag_290,treated_lag,,0.0009645351469203397,0.0009645351469203397,0.00016402941644951124,714
SCM,0.01,True,False,treated__treated_lag_130,treated_lag,,-0.0009638113299392973,0.0009638113299392973,0.00016390632370644664,715
SCM,0.01,True,False,treated__treated_lag_264,treated_lag,,0.0009592429993296118,0.0009592429993296118,0.00016312943070628203,716
SCM,0.01,True,False,treated__treated_lag_235,treated_lag,,0.0009584736971437934,0.0009584736971437934,0.00016299860272244335,717
SCM,0.01,True,False,netconsumption_197__donor_lag_3,donor_lag,netconsumption_197,0.0009551168940185413,0.0009551168940185413,0.0001624277428014451,718
SCM,0.01,True,False,netconsumption_268,current_donor,netconsumption_268,0.0009521407502735277,0.0009521407502735277,0.0001619216180393531,719
SCM,0.01,True,False,treated__treated_lag_246,treated_lag,,0.0009521375748538145,0.0009521375748538145,0.0001619210780256022,720
SCM,0.01,True,False,netconsumption_147__donor_lag_13,donor_lag,netconsumption_147,-0.000949073280172475,0.000949073280172475,0.00016139996226324319,721
SCM,0.01,True,False,treated__treated_lag_285,treated_lag,,0.0009484293273447615,0.0009484293273447615,0.00016129045126523747,722
SCM,0.01,True,False,netconsumption_43__donor_lag_6,donor_lag,netconsumption_43,-0.00094842729149346,0.00094842729149346,0.00016129010504716335,723
SCM,0.01,True,False,netconsumption_86__donor_lag_3,donor_lag,netconsumption_86,-0.0009467619354310384,0.0009467619354310384,0.00016100689361212974,724
SCM,0.01,True,False,treated__treated_lag_93,treated_lag,,0.0009382367255646837,0.0009382367255646837,0.00015955709138983367,725
SCM,0.01,True,False,netconsumption_247__donor_lag_4,donor_lag,netconsumption_247,0.0009310372342839254,0.0009310372342839254,0.0001583327416527746,726
SCM,0.01,True,False,treated__treated_lag_38,treated_lag,,0.0009304733720515144,0.0009304733720515144,0.00015823685090868343,727
SCM,0.01,True,False,netconsumption_16__donor_lag_14,donor_lag,netconsumption_16,-0.000927273800319563,0.000927273800319563,0.00015769272985124343,728
SCM,0.01,True,False,treated__treated_lag_33,treated_lag,,0.0009267968055705094,0.0009267968055705094,0.0001576116118426498,729
SCM,0.01,True,False,treated__treated_lag_183,treated_lag,,0.0009242482083751736,0.0009242482083751736,0.00015717819589917633,730
SCM,0.01,True,False,treated__treated_lag_220,treated_lag,,-0.0008975696885729837,0.0008975696885729837,0.00015264123107330943,731
SCM,0.01,True,False,treated__treated_lag_257,treated_lag,,0.0008939180094448573,0.0008939180094448573,0.00015202022436519734,732
SCM,0.01,True,False,treated__treated_lag_121,treated_lag,,-0.0008898518110469701,0.0008898518110469701,0.00015132872426537936,733
SCM,0.01,True,False,treated__treated_lag_82,treated_lag,,0.000886007905906166,0.000886007905906166,0.00015067502748808043,734
SCM,0.01,True,False,treated__treated_lag_148,treated_lag,,0.0008703525681125879,0.0008703525681125879,0.00014801267150157257,735
SCM,0.01,True,False,treated__treated_lag_241,treated_lag,,0.0008566142947263647,0.0008566142947263647,0.00014567633261982092,736
SCM,0.01,True,False,treated__treated_lag_180,treated_lag,,0.0008442998778329039,0.0008442998778329039,0.00014358213561372965,737
SCM,0.01,True,False,treated__treated_lag_8,treated_lag,,-0.000841771206123352,0.000841771206123352,0.00014315210821013057,738
SCM,0.01,True,False,netconsumption_93,current_donor,netconsumption_93,0.0008370956609682284,0.0008370956609682284,0.00014235698224108014,739
SCM,0.01,True,False,netconsumption_232__donor_lag_10,donor_lag,netconsumption_232,-0.0008325174798938463,0.0008325174798938463,0.0001415784140650745,740
SCM,0.01,True,False,treated__treated_lag_289,treated_lag,,0.0008323762339730162,0.0008323762339730162,0.0001415543937004008,741
SCM,0.01,True,False,treated__treated_lag_79,treated_lag,,0.0008306488234945583,0.0008306488234945583,0.00014126062925474536,742
SCM,0.01,True,False,treated__treated_lag_278,treated_lag,,0.0008287729214435959,0.0008287729214435959,0.0001409416122446154,743
SCM,0.01,True,False,treated__treated_lag_229,treated_lag,,-0.0008221854744904853,0.0008221854744904853,0.00013982134712720533,744
SCM,0.01,True,False,treated__treated_lag_234,treated_lag,,0.0008118041282606427,0.0008118041282606427,0.00013805588925925886,745
SCM,0.01,True,False,treated__treated_lag_217,treated_lag,,0.00080719695656908,0.00080719695656908,0.00013727239092178235,746
SCM,0.01,True,False,treated__treated_lag_270,treated_lag,,0.0008023351485553987,0.0008023351485553987,0.00013644558898105478,747
SCM,0.01,True,False,netconsumption_29__donor_lag_3,donor_lag,netconsumption_29,0.0008013335589365502,0.0008013335589365502,0.00013627525805923595,748
SCM,0.01,True,False,treated__treated_lag_197,treated_lag,,0.0008009077951094728,0.0008009077951094728,0.00013620285241147515,749
SCM,0.01,True,False,treated__treated_lag_211,treated_lag,,0.0007971534716324021,0.0007971534716324021,0.0001355643899447907,750
SCM,0.01,True,False,treated__treated_lag_200,treated_lag,,-0.0007946236692684713,0.0007946236692684713,0.00013513417026144055,751
SCM,0.01,True,False,treated__treated_lag_305,treated_lag,,-0.0007918477085605305,0.0007918477085605305,0.000134662088744801,752
SCM,0.01,True,False,treated__treated_lag_91,treated_lag,,0.0007909622302657592,0.0007909622302657592,0.00013451150378329516,753
SCM,0.01,True,False,treated__treated_lag_29,treated_lag,,0.0007905703243758274,0.0007905703243758274,0.00013444485603631166,754
SCM,0.01,True,False,treated__treated_lag_187,treated_lag,,0.0007900924415674078,0.0007900924415674078,0.000134363587003818,755
SCM,0.01,True,False,netconsumption_49__donor_lag_3,donor_lag,netconsumption_49,0.0007777890988671141,0.0007777890988671141,0.00013227127328155385,756
SCM,0.01,True,False,treated__treated_lag_170,treated_lag,,0.0007765213321004306,0.0007765213321004306,0.00013205567611685004,757
SCM,0.01,True,False,treated__treated_lag_300,treated_lag,,-0.0007763483508305049,0.0007763483508305049,0.0001320262588199758,758
SCM,0.01,True,False,treated__treated_lag_209,treated_lag,,0.0007694137270336508,0.0007694137270336508,0.00013084695260358052,759
SCM,0.01,True,False,treated__treated_lag_277,treated_lag,,0.0007679083126905379,0.0007679083126905379,0.000130590940951746,760
SCM,0.01,True,False,netconsumption_293,current_donor,netconsumption_293,0.0007644831944131113,0.0007644831944131113,0.00013000846331564256,761
SCM,0.01,True,False,treated__treated_lag_171,treated_lag,,0.0007575316548438178,0.0007575316548438178,0.0001288262803930009,762
SCM,0.01,True,False,treated__treated_lag_274,treated_lag,,0.0007528655748254706,0.0007528655748254706,0.0001280327640706979,763
SCM,0.01,True,False,treated__treated_lag_263,treated_lag,,0.000737926670648815,0.000737926670648815,0.00012549224520799402,764
SCM,0.01,True,False,treated__treated_lag_74,treated_lag,,0.0007363814942058721,0.0007363814942058721,0.00012522947158999086,765
SCM,0.01,True,False,netconsumption_65,current_donor,netconsumption_65,-0.0007339865520824438,0.0007339865520824438,0.00012482218631874845,766
SCM,0.01,True,False,treated__treated_lag_322,treated_lag,,-0.0007261204063622464,0.0007261204063622464,0.00012348446493419286,767
SCM,0.01,True,False,treated__treated_lag_227,treated_lag,,0.0006985037579742066,0.0006985037579742066,0.00011878796140723986,768
SCM,0.01,True,False,treated__treated_lag_212,treated_lag,,0.0006965196737447193,0.0006965196737447193,0.0001184505468719701,769
SCM,0.01,True,False,netconsumption_66,current_donor,netconsumption_66,-0.0006886312697115234,0.0006886312697115234,0.00011710904022556693,770
SCM,0.01,True,False,treated__treated_lag_87,treated_lag,,0.0006871475388313282,0.0006871475388313282,0.00011685671607623591,771
SCM,0.01,True,False,treated__treated_lag_173,treated_lag,,-0.0006848684026323985,0.0006848684026323985,0.00011646912482887385,772
SCM,0.01,True,False,netconsumption_72__donor_lag_3,donor_lag,netconsumption_72,-0.0006719687620828658,0.0006719687620828658,0.000114275404342374,773
SCM,0.01,True,False,treated__treated_lag_70,treated_lag,,-0.0006706367986955522,0.0006706367986955522,0.00011404888986247066,774
SCM,0.01,True,False,treated__treated_lag_157,treated_lag,,0.000663278804097991,0.000663278804097991,0.00011279758495779173,775
SCM,0.01,True,False,treated__treated_lag_203,treated_lag,,-0.0006586156703294354,0.0006586156703294354,0.00011200456967646745,776
SCM,0.01,True,False,netconsumption_262__donor_lag_11,donor_lag,netconsumption_262,-0.0006583879582206315,0.0006583879582206315,0.00011196584482082601,777
SCM,0.01,True,False,treated__treated_lag_252,treated_lag,,0.000654550101242149,0.000654550101242149,0.00011131317659758173,778
SCM,0.01,True,False,treated__treated_lag_69,treated_lag,,0.0006542356241716396,0.0006542356241716396,0.00011125969644133535,779
SCM,0.01,True,False,treated__treated_lag_331,treated_lag,,0.0006510292126796726,0.0006510292126796726,0.0001107144122102696,780
SCM,0.01,True,False,netconsumption_67__donor_lag_3,donor_lag,netconsumption_67,0.0006496495494832826,0.0006496495494832826,0.00011047978587267756,781
SCM,0.01,True,False,treated__treated_lag_314,treated_lag,,-0.0006465556458641983,0.0006465556458641983,0.00010995363479688754,782
SCM,0.01,True,False,treated__treated_lag_310,treated_lag,,-0.0006421104964700349,0.0006421104964700349,0.00010919769006694837,783
SCM,0.01,True,False,netconsumption_211__donor_lag_3,donor_lag,netconsumption_211,-0.0006407423041271555,0.0006407423041271555,0.00010896501446947557,784
SCM,0.01,True,False,netconsumption_39__donor_lag_6,donor_lag,netconsumption_39,0.0006398839647848216,0.0006398839647848216,0.00010881904477424134,785
SCM,0.01,True,False,treated__treated_lag_208,treated_lag,,0.000637321679383635,0.000637321679383635,0.00010838330100640075,786
SCM,0.01,True,False,treated__treated_lag_245,treated_lag,,0.0006332845640062847,0.0006332845640062847,0.00010769674678222295,787
SCM,0.01,True,False,treated__treated_lag_58,treated_lag,,0.0006305235171775972,0.0006305235171775972,0.00010722720152869286,788
SCM,0.01,True,False,netconsumption_149,current_donor,netconsumption_149,-0.000629382026484308,0.000629382026484308,0.00010703307894757115,789
SCM,0.01,True,False,treated__treated_lag_81,treated_lag,,0.0006257277378398287,0.0006257277378398287,0.00010641162846356768,790
SCM,0.01,True,False,treated__treated_lag_195,treated_lag,,0.0006214063872994563,0.0006214063872994563,0.00010567673703978257,791
SCM,0.01,True,False,treated__treated_lag_221,treated_lag,,-0.0006213247049556068,0.0006213247049556068,0.00010566284609217052,792
SCM,0.01,True,False,treated__treated_lag_131,treated_lag,,-0.0006176013047871953,0.0006176013047871953,0.00010502964246161066,793
SCM,0.01,True,False,treated__treated_lag_207,treated_lag,,0.000611507811506445,0.000611507811506445,0.0001039933793973026,794
SCM,0.01,True,False,treated__treated_lag_327,treated_lag,,0.0006071884072435489,0.0006071884072435489,0.000103258818958614,795
SCM,0.01,True,False,treated__treated_lag_150,treated_lag,,-0.000600841503527471,0.000600841503527471,0.00010217946076608617,796
SCM,0.01,True,False,treated__treated_lag_166,treated_lag,,0.0005964147345277379,0.0005964147345277379,0.00010142664181687376,797
SCM,0.01,True,False,treated__treated_lag_271,treated_lag,,-0.0005948713426540844,0.0005948713426540844,0.0001011641716837774,798
SCM,0.01,True,False,treated__treated_lag_155,treated_lag,,0.000585429574109446,0.000585429574109446,9.955849895160864e-05,799
SCM,0.01,True,False,treated__treated_lag_65,treated_lag,,0.0005693427470228579,0.0005693427470228579,9.682276364122376e-05,800
SCM,0.01,True,False,netconsumption_158__donor_lag_3,donor_lag,netconsumption_158,0.0005655872461532178,0.0005655872461532178,9.618410094646394e-05,801
SCM,0.01,True,False,netconsumption_166__donor_lag_15,donor_lag,netconsumption_166,0.0005641092436790077,0.0005641092436790077,9.593275097323622e-05,802
SCM,0.01,True,False,treated__treated_lag_237,treated_lag,,0.0005627993422573735,0.0005627993422573735,9.570998836423948e-05,803
SCM,0.01,True,False,treated__treated_lag_115,treated_lag,,0.0005549886238787651,0.0005549886238787651,9.438169298611324e-05,804
SCM,0.01,True,False,netconsumption_156,current_donor,netconsumption_156,-0.0005532573150656452,0.0005532573150656452,9.4087265587364e-05,805
SCM,0.01,True,False,netconsumption_215__donor_lag_6,donor_lag,netconsumption_215,-0.0005530083389349192,0.0005530083389349192,9.404492455960236e-05,806
SCM,0.01,True,False,treated__treated_lag_215,treated_lag,,0.0005528184098711969,0.0005528184098711969,9.40126251109108e-05,807
SCM,0.01,True,False,treated__treated_lag_254,treated_lag,,-0.0005501550186797677,0.0005501550186797677,9.355968723269888e-05,808
SCM,0.01,True,False,treated__treated_lag_153,treated_lag,,-0.0005430037179537208,0.0005430037179537208,9.23435328098209e-05,809
SCM,0.01,True,False,treated__treated_lag_216,treated_lag,,0.0005377673215192796,0.0005377673215192796,9.145302814113968e-05,810
SCM,0.01,True,False,treated__treated_lag_325,treated_lag,,-0.0005302802554343678,0.0005302802554343678,9.017977326313114e-05,811
SCM,0.01,True,False,netconsumption_299__donor_lag_14,donor_lag,netconsumption_299,0.0005302167380416591,0.0005302167380416591,9.016897145783283e-05,812
SCM,0.01,True,False,treated__treated_lag_125,treated_lag,,-0.000527599452625181,0.000527599452625181,8.97238743549253e-05,813
SCM,0.01,True,False,treated__treated_lag_280,treated_lag,,0.0005224535074874446,0.0005224535074874446,8.884875188715504e-05,814
SCM,0.01,True,False,treated__treated_lag_308,treated_lag,,-0.0005179850845479315,0.0005179850845479315,8.808884924435535e-05,815
SCM,0.01,True,False,treated__treated_lag_262,treated_lag,,0.0005178540401727149,0.0005178540401727149,8.806656376055063e-05,816
SCM,0.01,True,False,treated__treated_lag_297,treated_lag,,0.0005014831875685861,0.0005014831875685861,8.52825269029928e-05,817
SCM,0.01,True,False,treated__treated_lag_201,treated_lag,,-0.0004972561760008964,0.0004972561760008964,8.456367882059031e-05,818
SCM,0.01,True,False,netconsumption_70__donor_lag_6,donor_lag,netconsumption_70,0.0004699913026879202,0.0004699913026879202,7.992699837055514e-05,819
SCM,0.01,True,False,netconsumption_82__donor_lag_3,donor_lag,netconsumption_82,0.0004694274993770043,0.0004694274993770043,7.983111764668818e-05,820
SCM,0.01,True,False,treated__treated_lag_118,treated_lag,,0.00046489504698132383,0.00046489504698132383,7.906032611677615e-05,821
SCM,0.01,True,False,treated__treated_lag_85,treated_lag,,-0.00045690039901240037,0.00045690039901240037,7.770075156394746e-05,822
SCM,0.01,True,False,treated__treated_lag_146,treated_lag,,0.0004558693220444328,0.0004558693220444328,7.752540600613107e-05,823
SCM,0.01,True,False,treated__treated_lag_37,treated_lag,,-0.0004534168366578452,0.0004534168366578452,7.710833489358805e-05,824
SCM,0.01,True,False,treated__treated_lag_301,treated_lag,,0.00044974826794999154,0.00044974826794999154,7.648445593357762e-05,825
SCM,0.01,True,False,netconsumption_223,current_donor,netconsumption_223,-0.0004365839448310766,0.0004365839448310766,7.424572337308672e-05,826
SCM,0.01,True,False,treated__treated_lag_335,treated_lag,,0.00043123619023735955,0.00043123619023735955,7.333628107010442e-05,827
SCM,0.01,True,False,treated__treated_lag_103,treated_lag,,-0.0004298323969682062,0.0004298323969682062,7.30975511580943e-05,828
SCM,0.01,True,False,treated__treated_lag_298,treated_lag,,-0.00041213864787939406,0.00041213864787939406,7.008854174344657e-05,829
SCM,0.01,True,False,treated__treated_lag_182,treated_lag,,-0.00040545805852198314,0.00040545805852198314,6.895243677377932e-05,830
SCM,0.01,True,False,netconsumption_165__donor_lag_14,donor_lag,netconsumption_165,0.00039782021166714227,0.00039782021166714227,6.765354002903089e-05,831
SCM,0.01,True,False,treated__treated_lag_77,treated_lag,,-0.0003958835374473985,0.0003958835374473985,6.73241880680042e-05,832
SCM,0.01,True,False,treated__treated_lag_328,treated_lag,,0.00038496169467986064,0.00038496169467986064,6.546681303980265e-05,833
SCM,0.01,True,False,treated__treated_lag_189,treated_lag,,0.0003724399607113565,0.0003724399607113565,6.333735956955042e-05,834
SCM,0.01,True,False,treated__treated_lag_272,treated_lag,,-0.0003650720737857758,0.0003650720737857758,6.208437236972908e-05,835
SCM,0.01,True,False,netconsumption_61,current_donor,netconsumption_61,-0.00036373055312213586,0.00036373055312213586,6.185623257377202e-05,836
SCM,0.01,True,False,treated__treated_lag_106,treated_lag,,0.0003627826534822355,0.0003627826534822355,6.169503220146625e-05,837
SCM,0.01,True,False,netconsumption_34__donor_lag_14,donor_lag,netconsumption_34,0.00036259040236535835,0.00036259040236535835,6.166233786304446e-05,838
SCM,0.01,True,False,treated__treated_lag_78,treated_lag,,-0.0003559876820270564,0.0003559876820270564,6.053947534473289e-05,839
SCM,0.01,True,False,netconsumption_292__donor_lag_14,donor_lag,netconsumption_292,-0.0003550192682796197,0.0003550192682796197,6.037478633119003e-05,840
SCM,0.01,True,False,netconsumption_121__donor_lag_18,donor_lag,netconsumption_121,0.0003478200994423593,0.0003478200994423593,5.915049142906257e-05,841
SCM,0.01,True,False,treated__treated_lag_219,treated_lag,,-0.00034703277702240095,0.00034703277702240095,5.9016598913568735e-05,842
SCM,0.01,True,False,treated__treated_lag_76,treated_lag,,0.00034618853001514905,0.00034618853001514905,5.887302576915722e-05,843
SCM,0.01,True,False,treated__treated_lag_248,treated_lag,,-0.0003440457169904408,0.0003440457169904408,5.850861772127471e-05,844
SCM,0.01,True,False,treated__treated_lag_230,treated_lag,,-0.00034228866837058793,0.00034228866837058793,5.82098129957983e-05,845
SCM,0.01,True,False,treated__treated_lag_304,treated_lag,,0.0003415060203918865,0.0003415060203918865,5.8076715418543936e-05,846
SCM,0.01,True,False,treated__treated_lag_154,treated_lag,,-0.00033642268844699945,0.00033642268844699945,5.721224098731012e-05,847
SCM,0.01,True,False,treated__treated_lag_222,treated_lag,,-0.0003296190104577274,0.0003296190104577274,5.6055203492249457e-05,848
SCM,0.01,True,False,treated__treated_lag_86,treated_lag,,0.0003277292088641332,0.0003277292088641332,5.5733822717694626e-05,849
SCM,0.01,True,False,treated__treated_lag_258,treated_lag,,0.000323117752058137,0.000323117752058137,5.494959565112807e-05,850
SCM,0.01,True,False,treated__treated_lag_132,treated_lag,,-0.0003221870734580523,0.0003221870734580523,5.479132389901891e-05,851
SCM,0.01,True,False,treated__treated_lag_185,treated_lag,,0.0003196011652617743,0.0003196011652617743,5.435156282470057e-05,852
SCM,0.01,True,False,treated__treated_lag_175,treated_lag,,-0.00031499699605589104,0.00031499699605589104,5.356857509171108e-05,853
SCM,0.01,True,False,treated__treated_lag_120,treated_lag,,-0.00028958834183454024,0.00028958834183454024,4.924756435612221e-05,854
SCM,0.01,True,False,treated__treated_lag_279,treated_lag,,-0.00027900897726325824,0.00027900897726325824,4.7448431372140506e-05,855
SCM,0.01,True,False,netconsumption_134__donor_lag_14,donor_lag,netconsumption_134,0.00027301114941531007,0.00027301114941531007,4.6428437227806e-05,856
SCM,0.01,True,False,treated__treated_lag_167,treated_lag,,0.00026500485862006936,0.00026500485862006936,4.506688268906104e-05,857
SCM,0.01,True,False,treated__treated_lag_282,treated_lag,,0.0002627154691331073,0.0002627154691331073,4.46775477614837e-05,858
SCM,0.01,True,False,netconsumption_76__donor_lag_23,donor_lag,netconsumption_76,0.00026230579856102113,0.00026230579856102113,4.460787894216655e-05,859
SCM,0.01,True,False,treated__treated_lag_80,treated_lag,,0.00025245304393856094,0.00025245304393856094,4.293231367499869e-05,860
SCM,0.01,True,False,treated__treated_lag_105,treated_lag,,-0.0002482691871934546,0.0002482691871934546,4.2220804527199e-05,861
SCM,0.01,True,False,treated__treated_lag_68,treated_lag,,0.0002455826932943962,0.0002455826932943962,4.176393778889017e-05,862
SCM,0.01,True,False,treated__treated_lag_149,treated_lag,,-0.00024346369794589647,0.00024346369794589647,4.1403580189083236e-05,863
SCM,0.01,True,False,netconsumption_199,current_donor,netconsumption_199,0.00024253638441463186,0.00024253638441463186,4.124588070256403e-05,864
SCM,0.01,True,False,treated__treated_lag_261,treated_lag,,0.00023407927084531806,0.00023407927084531806,3.9807658976739916e-05,865
SCM,0.01,True,False,treated__treated_lag_199,treated_lag,,-0.000226535136014466,0.000226535136014466,3.852469895410914e-05,866
SCM,0.01,True,False,treated__treated_lag_56,treated_lag,,0.00022628571384160655,0.00022628571384160655,3.8482282072158974e-05,867
SCM,0.01,True,False,netconsumption_146__donor_lag_3,donor_lag,netconsumption_146,0.00022139919613840126,0.00022139919613840126,3.765127798704483e-05,868
SCM,0.01,True,False,netconsumption_238__donor_lag_3,donor_lag,netconsumption_238,0.00022126699010617968,0.00022126699010617968,3.762879495116413e-05,869
SCM,0.01,True,False,treated__treated_lag_198,treated_lag,,-0.0002204053676965155,0.0002204053676965155,3.74822669355617e-05,870
SCM,0.01,True,False,treated__treated_lag_186,treated_lag,,0.0002199922398293458,0.0002199922398293458,3.741201016660181e-05,871
SCM,0.01,True,False,treated__treated_lag_334,treated_lag,,0.00021936997261882263,0.00021936997261882263,3.730618703745646e-05,872
SCM,0.01,True,False,netconsumption_234__donor_lag_11,donor_lag,netconsumption_234,0.00021749271936366815,0.00021749271936366815,3.698694024074396e-05,873
SCM,0.01,True,False,treated__treated_lag_250,treated_lag,,-0.00021619539253735248,0.00021619539253735248,3.6766316074849846e-05,874
SCM,0.01,True,False,netconsumption_216__donor_lag_3,donor_lag,netconsumption_216,0.00021536150420970682,0.00021536150420970682,3.662450453360689e-05,875
SCM,0.01,True,False,treated__treated_lag_281,treated_lag,,0.00021116269020320024,0.00021116269020320024,3.591045174510421e-05,876
SCM,0.01,True,False,treated__treated_lag_249,treated_lag,,-0.00020743055559552113,0.00020743055559552113,3.527576273064656e-05,877
SCM,0.01,True,False,treated__treated_lag_160,treated_lag,,0.00020297665817713335,0.00020297665817713335,3.451833030654386e-05,878
SCM,0.01,True,False,treated__treated_lag_174,treated_lag,,-0.00019236882234676599,0.00019236882234676599,3.271435548343554e-05,879
SCM,0.01,True,False,treated__treated_lag_205,treated_lag,,-0.00018971044642624184,0.00018971044642624184,3.226227050515427e-05,880
SCM,0.01,True,False,netconsumption_106,current_donor,netconsumption_106,0.00018712896252564204,0.00018712896252564204,3.182326182917062e-05,881
SCM,0.01,True,False,treated__treated_lag_177,treated_lag,,0.0001863054954025572,0.0001863054954025572,3.16832225241269e-05,882
SCM,0.01,True,False,netconsumption_97__donor_lag_3,donor_lag,netconsumption_97,0.000181637248631587,0.000181637248631587,3.0889337722593796e-05,883
SCM,0.01,True,False,netconsumption_245__donor_lag_3,donor_lag,netconsumption_245,-0.00018038018784902665,0.00018038018784902665,3.0675561223869725e-05,884
SCM,0.01,True,False,treated__treated_lag_151,treated_lag,,0.00015839279695888336,0.00015839279695888336,2.6936372549954693e-05,885
SCM,0.01,True,False,netconsumption_181,current_donor,netconsumption_181,-0.00015780716004301903,0.00015780716004301903,2.6836778790341856e-05,886
SCM,0.01,True,False,treated__treated_lag_311,treated_lag,,-0.00014814809603797279,0.00014814809603797279,2.519415266390681e-05,887
SCM,0.01,True,False,treated__treated_lag_210,treated_lag,,-0.00014659302652818995,0.00014659302652818995,2.4929696625116995e-05,888
SCM,0.01,True,False,treated__treated_lag_243,treated_lag,,-0.00014643998023873263,0.00014643998023873263,2.4903669482788795e-05,889
SCM,0.01,True,False,treated__treated_lag_161,treated_lag,,0.00014062358275000048,0.00014062358275000048,2.3914529492440746e-05,890
SCM,0.01,True,False,treated__treated_lag_238,treated_lag,,0.00014007977083004225,0.00014007977083004225,2.382204851632096e-05,891
SCM,0.01,True,False,treated__treated_lag_233,treated_lag,,0.00013959184395009812,0.00013959184395009812,2.3739071383094857e-05,892
SCM,0.01,True,False,netconsumption_25__donor_lag_3,donor_lag,netconsumption_25,0.00013748189555360182,0.00013748189555360182,2.3380252313286038e-05,893
SCM,0.01,True,False,treated__treated_lag_162,treated_lag,,0.000127399703128116,0.000127399703128116,2.166566871789871e-05,894
SCM,0.01,True,False,netconsumption_92,current_donor,netconsumption_92,-0.00012720806664892202,0.00012720806664892202,2.1633078905124138e-05,895
SCM,0.01,True,False,netconsumption_128__donor_lag_14,donor_lag,netconsumption_128,-0.00012059442122648763,0.00012059442122648763,2.050835846055594e-05,896
SCM,0.01,True,False,netconsumption_145,current_donor,netconsumption_145,0.00012029379083458146,0.00012029379083458146,2.0457233078646526e-05,897
SCM,0.01,True,False,treated__treated_lag_62,treated_lag,,0.00011946768777560581,0.00011946768777560581,2.0316745504789225e-05,898
SCM,0.01,True,False,treated__treated_lag_259,treated_lag,,-0.0001194398441006404,0.0001194398441006404,2.0312010392988514e-05,899
SCM,0.01,True,False,treated__treated_lag_71,treated_lag,,-0.00011721673715748117,0.00011721673715748117,1.9933947513936805e-05,900
SCM,0.01,True,False,treated__treated_lag_218,treated_lag,,0.00011530152370945105,0.00011530152370945105,1.960824518441601e-05,901
SCM,0.01,True,False,treated__treated_lag_202,treated_lag,,0.00011515893081019327,0.00011515893081019327,1.9583995751795772e-05,902
SCM,0.01,True,False,netconsumption_252,current_donor,netconsumption_252,0.00010983928353460815,0.00010983928353460815,1.8679333395926716e-05,903
SCM,0.01,True,False,treated__treated_lag_67,treated_lag,,0.00010882053389330034,0.00010882053389330034,1.8506084230558904e-05,904
SCM,0.01,True,False,netconsumption_87,current_donor,netconsumption_87,0.00010872314635511533,0.00010872314635511533,1.8489522448327383e-05,905
SCM,0.01,True,False,netconsumption_267,current_donor,netconsumption_267,-0.00010608774919873066,0.00010608774919873066,1.804134525224001e-05,906
SCM,0.01,True,False,treated__treated_lag_247,treated_lag,,0.00010430173567939731,0.00010430173567939731,1.7737614738859995e-05,907
SCM,0.01,True,False,treated__treated_lag_104,treated_lag,,9.931608529577084e-05,9.931608529577084e-05,1.6889752091595494e-05,908
SCM,0.01,True,False,treated__treated_lag_75,treated_lag,,-9.459241212932053e-05,9.459241212932053e-05,1.6086441444528892e-05,909
SCM,0.01,True,False,treated__treated_lag_178,treated_lag,,9.372374894776677e-05,9.372374894776677e-05,1.5938716071102755e-05,910
SCM,0.01,True,False,treated__treated_lag_330,treated_lag,,-7.857354242111992e-05,7.857354242111992e-05,1.3362263006027772e-05,911
SCM,0.01,True,False,treated__treated_lag_66,treated_lag,,7.788729147876642e-05,7.788729147876642e-05,1.3245558765677817e-05,912
SCM,0.01,True,False,treated__treated_lag_223,treated_lag,,7.62583752149814e-05,7.62583752149814e-05,1.2968544304310715e-05,913
SCM,0.01,True,False,netconsumption_115__donor_lag_3,donor_lag,netconsumption_115,-7.260968949254244e-05,7.260968949254244e-05,1.2348046656536813e-05,914
SCM,0.01,True,False,treated__treated_lag_293,treated_lag,,7.230429979083206e-05,7.230429979083206e-05,1.2296111903592675e-05,915
SCM,0.01,True,False,treated__treated_lag_127,treated_lag,,-7.158997438628243e-05,7.158997438628243e-05,1.2174633303629316e-05,916
SCM,0.01,True,False,treated__treated_lag_139,treated_lag,,7.081794896231382e-05,7.081794896231382e-05,1.2043342204303295e-05,917
SCM,0.01,True,False,treated__treated_lag_156,treated_lag,,6.164170669605213e-05,6.164170669605213e-05,1.0482825027775194e-05,918
SCM,0.01,True,False,treated__treated_lag_296,treated_lag,,6.038270093845137e-05,6.038270093845137e-05,1.026871776544763e-05,919
SCM,0.01,True,False,treated__treated_lag_313,treated_lag,,-5.964254781760567e-05,5.964254781760567e-05,1.0142846888804883e-05,920
SCM,0.01,True,False,treated__treated_lag_110,treated_lag,,4.926812221511134e-05,4.926812221511134e-05,8.378565946830502e-06,921
SCM,0.01,True,False,treated__treated_lag_73,treated_lag,,4.641005010537513e-05,4.641005010537513e-05,7.89252051673134e-06,922
SCM,0.01,True,False,netconsumption_170__donor_lag_24,donor_lag,netconsumption_170,-4.5658628142342464e-05,4.5658628142342464e-05,7.764733254134291e-06,923
SCM,0.01,True,False,treated__treated_lag_39,treated_lag,,4.005169523371748e-05,4.005169523371748e-05,6.811214933926023e-06,924
SCM,0.01,True,False,treated__treated_lag_134,treated_lag,,-3.7851942272034935e-05,3.7851942272034935e-05,6.437123646750076e-06,925
SCM,0.01,True,False,treated__treated_lag_309,treated_lag,,3.2745707270865287e-05,3.2745707270865287e-05,5.568754308245191e-06,926
SCM,0.01,True,False,treated__treated_lag_163,treated_lag,,-3.0844575119936895e-05,3.0844575119936895e-05,5.245446652421694e-06,927
SCM,0.01,True,False,treated__treated_lag_53,treated_lag,,-2.2643320229599057e-05,2.2643320229599057e-05,3.850736404577382e-06,928
SCM,0.01,True,False,treated__treated_lag_232,treated_lag,,-1.779867793311662e-05,1.779867793311662e-05,3.026853675849546e-06,929
SCM,0.01,True,False,treated__treated_lag_333,treated_lag,,-1.3554193956890899e-05,1.3554193956890899e-05,2.3050342253374883e-06,930
SCM,0.01,True,False,treated__treated_lag_283,treated_lag,,1.1792741834927524e-05,1.1792741834927524e-05,2.0054806376927777e-06,931
SCM,0.01,True,False,netconsumption_6,current_donor,netconsumption_6,-9.570440020916816e-06,9.570440020916816e-06,1.6275546793793354e-06,932
SCM,0.01,True,False,treated__treated_lag_172,treated_lag,,4.577207677004168e-06,4.577207677004168e-06,7.784026394729443e-07,933
SCM,0.01,True,False,treated__treated_lag_242,treated_lag,,2.766334959882063e-07,2.766334959882063e-07,4.70444556242607e-08,934
