model,lambda,sum_to_one_constraint,positive_weights_constraint,feature_name,feature_type,donor_name,weight,abs_weight,abs_weight_share,abs_weight_rank
SCM,0.01,True,False,treated__treated_lag_1,treated_lag,,0.1351288260571711,0.1351288260571711,0.022980087925710973,1
SCM,0.01,True,False,treated__treated_lag_3,treated_lag,,0.11206772652818481,0.11206772652818481,0.019058303726864574,2
SCM,0.01,True,False,netconsumption_157,current_donor,netconsumption_157,0.10542695304901294,0.10542695304901294,0.017928969868953797,3
SCM,0.01,True,False,netconsumption_75,current_donor,netconsumption_75,0.08521483392665566,0.08521483392665566,0.014491684959809388,4
SCM,0.01,True,False,netconsumption_282,current_donor,netconsumption_282,0.07322539412092535,0.07322539412092535,0.012452753749091005,5
SCM,0.01,True,False,netconsumption_95,current_donor,netconsumption_95,0.05515556307033331,0.05515556307033331,0.009379787614021777,6
SCM,0.01,True,False,netconsumption_193,current_donor,netconsumption_193,0.05440864415462836,0.05440864415462836,0.009252766142311405,7
SCM,0.01,True,False,netconsumption_95__donor_lag_1,donor_lag,netconsumption_95,-0.0432643779877,0.0432643779877,0.007357565659512946,8
SCM,0.01,True,False,netconsumption_115,current_donor,netconsumption_115,0.04001220878352122,0.04001220878352122,0.006804499844897651,9
SCM,0.01,True,False,netconsumption_36,current_donor,netconsumption_36,0.03957389025752535,0.03957389025752535,0.006729959137627749,10
SCM,0.01,True,False,netconsumption_170,current_donor,netconsumption_170,-0.03778949062703897,0.03778949062703897,0.006426503083137686,11
SCM,0.01,True,False,netconsumption_81,current_donor,netconsumption_81,0.03636398421138436,0.03636398421138436,0.0061840806206162665,12
SCM,0.01,True,False,netconsumption_3__donor_lag_1,donor_lag,netconsumption_3,-0.036249171703484684,0.036249171703484684,0.006164555537749123,13
SCM,0.01,True,False,netconsumption_193__donor_lag_1,donor_lag,netconsumption_193,-0.03564561463895363,0.03564561463895363,0.006061914267075762,14
SCM,0.01,True,False,netconsumption_204,current_donor,netconsumption_204,0.03563815329391321,0.03563815329391321,0.0060606453863337635,15
SCM,0.01,True,False,netconsumption_67,current_donor,netconsumption_67,0.033688629674018596,0.033688629674018596,0.005729108248732388,16
SCM,0.01,True,False,netconsumption_239,current_donor,netconsumption_239,0.03337127957054449,0.03337127957054449,0.005675139502804092,17
SCM,0.01,True,False,netconsumption_167__donor_lag_1,donor_lag,netconsumption_167,-0.032368221754420265,0.032368221754420265,0.00550455889848985,18
SCM,0.01,True,False,netconsumption_39,current_donor,netconsumption_39,0.031974711682365105,0.031974711682365105,0.005437638343347496,19
SCM,0.01,True,False,netconsumption_240__donor_lag_1,donor_lag,netconsumption_240,-0.030648234940058153,0.030648234940058153,0.005212056925532709,20
SCM,0.01,True,False,netconsumption_43,current_donor,netconsumption_43,0.030181493692823406,0.030181493692823406,0.005132682633511016,21
SCM,0.01,True,False,netconsumption_205,current_donor,netconsumption_205,0.029048888993392433,0.029048888993392433,0.004940071209750216,22
SCM,0.01,True,False,netconsumption_186,current_donor,netconsumption_186,0.028412310215754064,0.028412310215754064,0.004831814247053137,23
SCM,0.01,True,False,netconsumption_141,current_donor,netconsumption_141,0.02721467060512351,0.02721467060512351,0.004628142947903684,24
SCM,0.01,True,False,netconsumption_243,current_donor,netconsumption_243,0.02674619611803753,0.02674619611803753,0.0045484739000897605,25
SCM,0.01,True,False,netconsumption_235,current_donor,netconsumption_235,0.02645690615382355,0.02645690615382355,0.004499277078007916,26
SCM,0.01,True,False,netconsumption_155,current_donor,netconsumption_155,0.026026194971731868,0.026026194971731868,0.004426030080132969,27
SCM,0.01,True,False,netconsumption_126,current_donor,netconsumption_126,0.025872778378391987,0.025872778378391987,0.004399939963707908,28
SCM,0.01,True,False,netconsumption_83,current_donor,netconsumption_83,0.025042858204265217,0.025042858204265217,0.004258803248994752,29
SCM,0.01,True,False,netconsumption_150__donor_lag_1,donor_lag,netconsumption_150,-0.024704248799234177,0.024704248799234177,0.004201219133694337,30
SCM,0.01,True,False,netconsumption_197,current_donor,netconsumption_197,0.024025907650788575,0.024025907650788575,0.004085860037565487,31
SCM,0.01,True,False,netconsumption_230,current_donor,netconsumption_230,-0.023965203678995173,0.023965203678995173,0.0040755366842888,32
SCM,0.01,True,False,netconsumption_244,current_donor,netconsumption_244,0.023817800299207437,0.023817800299207437,0.004050469178510011,33
SCM,0.01,True,False,netconsumption_92__donor_lag_15,donor_lag,netconsumption_92,-0.023636236592441507,0.023636236592441507,0.004019592347360499,34
SCM,0.01,True,False,netconsumption_7,current_donor,netconsumption_7,0.023602148723551906,0.023602148723551906,0.004013795344255094,35
SCM,0.01,True,False,netconsumption_15,current_donor,netconsumption_15,-0.023046523954488845,0.023046523954488845,0.003919305468043412,36
SCM,0.01,True,False,netconsumption_82,current_donor,netconsumption_82,0.022989191206610693,0.022989191206610693,0.003909555427095782,37
SCM,0.01,True,False,netconsumption_76,current_donor,netconsumption_76,-0.022017265217257085,0.022017265217257085,0.0037442691196192418,38
SCM,0.01,True,False,netconsumption_42,current_donor,netconsumption_42,0.02178153375580911,0.02178153375580911,0.003704180488133322,39
SCM,0.01,True,False,netconsumption_53,current_donor,netconsumption_53,0.021378074278195436,0.021378074278195436,0.0036355679312085622,40
SCM,0.01,True,False,netconsumption_74,current_donor,netconsumption_74,0.0211734786963077,0.0211734786963077,0.00360077428578014,41
SCM,0.01,True,False,netconsumption_125,current_donor,netconsumption_125,0.021106951151109096,0.021106951151109096,0.0035894605721725134,42
SCM,0.01,True,False,netconsumption_113,current_donor,netconsumption_113,0.021023197954967914,0.021023197954967914,0.003575217454197305,43
SCM,0.01,True,False,netconsumption_263__donor_lag_3,donor_lag,netconsumption_263,-0.020982808360279943,0.020982808360279943,0.0035683487758827264,44
SCM,0.01,True,False,netconsumption_136,current_donor,netconsumption_136,0.020920230543619828,0.020920230543619828,0.0035577067554418765,45
SCM,0.01,True,False,netconsumption_234,current_donor,netconsumption_234,-0.020561171178490857,0.020561171178490857,0.003496644907855613,46
SCM,0.01,True,False,netconsumption_150,current_donor,netconsumption_150,0.020457931113026996,0.020457931113026996,0.0034790878413803075,47
SCM,0.01,True,False,netconsumption_148,current_donor,netconsumption_148,-0.020371382280574637,0.020371382280574637,0.003464369295843759,48
SCM,0.01,True,False,netconsumption_161,current_donor,netconsumption_161,0.020256871530465192,0.020256871530465192,0.003444895530084551,49
SCM,0.01,True,False,netconsumption_45,current_donor,netconsumption_45,0.020030214041521256,0.020030214041521256,0.0034063500237190266,50
SCM,0.01,True,False,netconsumption_248__donor_lag_3,donor_lag,netconsumption_248,0.020004791539446207,0.020004791539446207,0.003402026658009263,51
SCM,0.01,True,False,netconsumption_48,current_donor,netconsumption_48,0.019833345309144008,0.019833345309144008,0.00337287041087951,52
SCM,0.01,True,False,netconsumption_10__donor_lag_8,donor_lag,netconsumption_10,0.01979610142744523,0.01979610142744523,0.003366536694372785,53
SCM,0.01,True,False,netconsumption_241,current_donor,netconsumption_241,0.019592953348167262,0.019592953348167262,0.0033319892120926395,54
SCM,0.01,True,False,netconsumption_64,current_donor,netconsumption_64,0.019576691752765333,0.019576691752765333,0.0033292237555793817,55
SCM,0.01,True,False,netconsumption_274,current_donor,netconsumption_274,0.019387964662927748,0.019387964662927748,0.003297128715276165,56
SCM,0.01,True,False,netconsumption_249__donor_lag_3,donor_lag,netconsumption_249,0.01914477748176003,0.01914477748176003,0.0032557721596936013,57
SCM,0.01,True,False,netconsumption_45__donor_lag_3,donor_lag,netconsumption_45,-0.01890219714991316,0.01890219714991316,0.003214518805264764,58
SCM,0.01,True,False,netconsumption_285,current_donor,netconsumption_285,-0.018870431533461192,0.018870431533461192,0.0032091167257797264,59
SCM,0.01,True,False,netconsumption_129__donor_lag_4,donor_lag,netconsumption_129,0.018780135990290953,0.018780135990290953,0.003193761012406815,60
SCM,0.01,True,False,netconsumption_250,current_donor,netconsumption_250,0.018731439939231348,0.018731439939231348,0.003185479733218382,61
SCM,0.01,True,False,netconsumption_259,current_donor,netconsumption_259,-0.01866584454118488,0.01866584454118488,0.0031743245411056933,62
SCM,0.01,True,False,netconsumption_252__donor_lag_1,donor_lag,netconsumption_252,-0.018426852216282028,0.018426852216282028,0.003133681365255753,63
SCM,0.01,True,False,netconsumption_258,current_donor,netconsumption_258,0.01824430497717386,0.01824430497717386,0.0031026372740155413,64
SCM,0.01,True,False,netconsumption_288,current_donor,netconsumption_288,0.018232593580484076,0.018232593580484076,0.0031006456269812494,65
SCM,0.01,True,False,netconsumption_174__donor_lag_4,donor_lag,netconsumption_174,-0.018185047143904315,0.018185047143904315,0.003092559851909875,66
SCM,0.01,True,False,netconsumption_16,current_donor,netconsumption_16,0.018109645543231676,0.018109645543231676,0.003079737011189987,67
SCM,0.01,True,False,netconsumption_281,current_donor,netconsumption_281,-0.018102745293500908,0.018102745293500908,0.003078563550647561,68
SCM,0.01,True,False,netconsumption_174,current_donor,netconsumption_174,0.017867209664236567,0.017867209664236567,0.00303850822249839,69
SCM,0.01,True,False,netconsumption_255,current_donor,netconsumption_255,0.017861275767236097,0.017861275767236097,0.003037499100471716,70
SCM,0.01,True,False,netconsumption_201,current_donor,netconsumption_201,-0.017793182255434054,0.017793182255434054,0.0030259190776591198,71
SCM,0.01,True,False,netconsumption_263,current_donor,netconsumption_263,0.01770361366350618,0.01770361366350618,0.003010686990043604,72
SCM,0.01,True,False,netconsumption_46__donor_lag_14,donor_lag,netconsumption_46,0.01733067954660863,0.01733067954660863,0.0029472655939813217,73
SCM,0.01,True,False,netconsumption_167,current_donor,netconsumption_167,0.016969353099303378,0.016969353099303378,0.002885818205061903,74
SCM,0.01,True,False,netconsumption_181__donor_lag_14,donor_lag,netconsumption_181,0.016728097103059676,0.016728097103059676,0.002844790067927494,75
SCM,0.01,True,False,netconsumption_114,current_donor,netconsumption_114,0.01657985360046909,0.01657985360046909,0.0028195796903689287,76
SCM,0.01,True,False,netconsumption_80,current_donor,netconsumption_80,-0.016474575966393287,0.016474575966393287,0.0028016761137727017,77
SCM,0.01,True,False,netconsumption_151,current_donor,netconsumption_151,-0.01638811853907095,0.01638811853907095,0.0027869731126465213,78
SCM,0.01,True,False,netconsumption_187__donor_lag_1,donor_lag,netconsumption_187,-0.01622635590510595,0.01622635590510595,0.002759463663626091,79
SCM,0.01,True,False,netconsumption_297__donor_lag_9,donor_lag,netconsumption_297,0.0159322118527358,0.0159322118527358,0.002709441352447045,80
SCM,0.01,True,False,netconsumption_163,current_donor,netconsumption_163,-0.01590468420613847,0.01590468420613847,0.002704759984617157,81
SCM,0.01,True,False,netconsumption_112__donor_lag_3,donor_lag,netconsumption_112,-0.015731963810809962,0.015731963810809962,0.0026753870522308923,82
SCM,0.01,True,False,netconsumption_137,current_donor,netconsumption_137,-0.015568317918804742,0.015568317918804742,0.0026475573352364567,83
SCM,0.01,True,False,netconsumption_206__donor_lag_1,donor_lag,netconsumption_206,-0.015510041805378252,0.015510041805378252,0.0026376468649868087,84
SCM,0.01,True,False,netconsumption_178,current_donor,netconsumption_178,-0.015407600743409126,0.015407600743409126,0.0026202256775174695,85
SCM,0.01,True,False,netconsumption_41,current_donor,netconsumption_41,-0.015326115500989994,0.015326115500989994,0.0026063682490910043,86
SCM,0.01,True,False,netconsumption_153,current_donor,netconsumption_153,-0.015187415520673264,0.015187415520673264,0.0025827808485638635,87
SCM,0.01,True,False,netconsumption_217,current_donor,netconsumption_217,0.014994565842670289,0.014994565842670289,0.0025499847184836805,88
SCM,0.01,True,False,netconsumption_57,current_donor,netconsumption_57,-0.01491174491871411,0.01491174491871411,0.002535900143266573,89
SCM,0.01,True,False,netconsumption_228,current_donor,netconsumption_228,-0.014866640812950901,0.014866640812950901,0.0025282297124155674,90
SCM,0.01,True,False,netconsumption_28,current_donor,netconsumption_28,-0.014827717643911685,0.014827717643911685,0.0025216104153124455,91
SCM,0.01,True,False,netconsumption_183,current_donor,netconsumption_183,0.014815149063553221,0.014815149063553221,0.0025194729951174633,92
SCM,0.01,True,False,netconsumption_188,current_donor,netconsumption_188,-0.014765472787851657,0.014765472787851657,0.002511025018347793,93
SCM,0.01,True,False,netconsumption_211,current_donor,netconsumption_211,-0.014745995006774152,0.014745995006774152,0.0025077126154000352,94
SCM,0.01,True,False,netconsumption_128,current_donor,netconsumption_128,-0.014516718531350802,0.014516718531350802,0.002468721722647836,95
SCM,0.01,True,False,netconsumption_261,current_donor,netconsumption_261,-0.01446794803639896,0.01446794803639896,0.0024604277834871452,96
SCM,0.01,True,False,netconsumption_209__donor_lag_11,donor_lag,netconsumption_209,0.014421501083223095,0.014421501083223095,0.0024525289872124618,97
SCM,0.01,True,False,netconsumption_284__donor_lag_3,donor_lag,netconsumption_284,-0.01400360653695611,0.01400360653695611,0.002381461593991511,98
SCM,0.01,True,False,netconsumption_233,current_donor,netconsumption_233,-0.013905386668439396,0.013905386668439396,0.002364758265172456,99
SCM,0.01,True,False,netconsumption_108,current_donor,netconsumption_108,-0.013874994706478742,0.013874994706478742,0.002359589790181078,100
SCM,0.01,True,False,netconsumption_171,current_donor,netconsumption_171,0.013871559727095306,0.013871559727095306,0.0023590056355594657,101
SCM,0.01,True,False,netconsumption_176,current_donor,netconsumption_176,0.013795199987044399,0.013795199987044399,0.00234601985309132,102
SCM,0.01,True,False,netconsumption_194__donor_lag_9,donor_lag,netconsumption_194,-0.013759132325918421,0.013759132325918421,0.0023398861653495277,103
SCM,0.01,True,False,netconsumption_79,current_donor,netconsumption_79,-0.013705886653240773,0.013705886653240773,0.0023308311748230924,104
SCM,0.01,True,False,netconsumption_55__donor_lag_14,donor_lag,netconsumption_55,0.013560312448488486,0.013560312448488486,0.002306074739630592,105
SCM,0.01,True,False,netconsumption_103,current_donor,netconsumption_103,0.013544144500502165,0.013544144500502165,0.002303325208852113,106
SCM,0.01,True,False,netconsumption_80__donor_lag_15,donor_lag,netconsumption_80,0.013483933999002298,0.013483933999002298,0.0022930857754248388,107
SCM,0.01,True,False,netconsumption_279__donor_lag_24,donor_lag,netconsumption_279,-0.013455477640390574,0.013455477640390574,0.0022882464702815653,108
SCM,0.01,True,False,netconsumption_219__donor_lag_1,donor_lag,netconsumption_219,-0.013368587910047122,0.013368587910047122,0.0022734699514484254,109
SCM,0.01,True,False,netconsumption_295,current_donor,netconsumption_295,0.013352362950936322,0.013352362950936322,0.0022707107253244637,110
SCM,0.01,True,False,netconsumption_77,current_donor,netconsumption_77,0.01331828412407626,0.01331828412407626,0.00226491525991194,111
SCM,0.01,True,False,netconsumption_148__donor_lag_24,donor_lag,netconsumption_148,0.01329131522318796,0.01329131522318796,0.0022603289127071566,112
SCM,0.01,True,False,netconsumption_10,current_donor,netconsumption_10,0.013222863622873376,0.013222863622873376,0.0022486879931507384,113
SCM,0.01,True,False,netconsumption_225,current_donor,netconsumption_225,0.013121866387437644,0.013121866387437644,0.0022315123436739575,114
SCM,0.01,True,False,netconsumption_175,current_donor,netconsumption_175,0.013109181312925213,0.013109181312925213,0.0022293551124143852,115
SCM,0.01,True,False,netconsumption_171__donor_lag_6,donor_lag,netconsumption_171,-0.012972827103580163,0.012972827103580163,0.002206166635083395,116
SCM,0.01,True,False,netconsumption_271,current_donor,netconsumption_271,0.012877868752383028,0.012877868752383028,0.002190017961824978,117
SCM,0.01,True,False,netconsumption_256,current_donor,netconsumption_256,-0.012782814119656361,0.012782814119656361,0.002173852914872814,118
SCM,0.01,True,False,netconsumption_226__donor_lag_1,donor_lag,netconsumption_226,-0.012773866932470443,0.012773866932470443,0.00217233135093846,119
SCM,0.01,True,False,netconsumption_3,current_donor,netconsumption_3,0.012757588371047755,0.012757588371047755,0.002169563009173697,120
SCM,0.01,True,False,netconsumption_185__donor_lag_17,donor_lag,netconsumption_185,-0.012749331962421138,0.012749331962421138,0.0021681589194489036,121
SCM,0.01,True,False,netconsumption_71,current_donor,netconsumption_71,0.01263893307041887,0.01263893307041887,0.0021493844187066282,122
SCM,0.01,True,False,netconsumption_8__donor_lag_15,donor_lag,netconsumption_8,-0.01237912122663391,0.01237912122663391,0.0021052006631858524,123
SCM,0.01,True,False,netconsumption_120,current_donor,netconsumption_120,0.012348857406445621,0.012348857406445621,0.0021000539800599253,124
SCM,0.01,True,False,netconsumption_264,current_donor,netconsumption_264,0.012232550976022612,0.012232550976022612,0.0020802748398466037,125
SCM,0.01,True,False,netconsumption_103__donor_lag_3,donor_lag,netconsumption_103,-0.012143165343264341,0.012143165343264341,0.002065073866375471,126
SCM,0.01,True,False,netconsumption_203,current_donor,netconsumption_203,-0.012118105497918065,0.012118105497918065,0.0020608121742830784,127
SCM,0.01,True,False,netconsumption_81__donor_lag_18,donor_lag,netconsumption_81,0.011941189152562953,0.011941189152562953,0.0020307256761584232,128
SCM,0.01,True,False,netconsumption_151__donor_lag_9,donor_lag,netconsumption_151,-0.011936839553332877,0.011936839553332877,0.0020299859807457916,129
SCM,0.01,True,False,netconsumption_68,current_donor,netconsumption_68,0.011876722450374733,0.011876722450374733,0.0020197624307296564,130
SCM,0.01,True,False,netconsumption_28__donor_lag_14,donor_lag,netconsumption_28,0.011819845997153952,0.011819845997153952,0.0020100899875208095,131
SCM,0.01,True,False,netconsumption_33__donor_lag_14,donor_lag,netconsumption_33,0.011785791921055801,0.011785791921055801,0.0020042987312374663,132
SCM,0.01,True,False,netconsumption_116__donor_lag_23,donor_lag,netconsumption_116,-0.01178006776577826,0.01178006776577826,0.002003325278012004,133
SCM,0.01,True,False,netconsumption_237__donor_lag_14,donor_lag,netconsumption_237,-0.01172800154175829,0.01172800154175829,0.001994470865220521,134
SCM,0.01,True,False,netconsumption_168,current_donor,netconsumption_168,-0.011699294582313079,0.011699294582313079,0.001989588942751575,135
SCM,0.01,True,False,netconsumption_59,current_donor,netconsumption_59,0.011577109624988556,0.011577109624988556,0.001968810096783293,136
SCM,0.01,True,False,netconsumption_73,current_donor,netconsumption_73,0.011563255614624554,0.011563255614624554,0.0019664540756027804,137
SCM,0.01,True,False,netconsumption_237,current_donor,netconsumption_237,-0.011560911382127904,0.011560911382127904,0.0019660554140406017,138
SCM,0.01,True,False,netconsumption_255__donor_lag_24,donor_lag,netconsumption_255,-0.01152073051430624,0.01152073051430624,0.001959222231940118,139
SCM,0.01,True,False,netconsumption_104,current_donor,netconsumption_104,0.011303438771571982,0.011303438771571982,0.0019222694699036038,140
SCM,0.01,True,False,netconsumption_50__donor_lag_3,donor_lag,netconsumption_50,-0.011295732123805056,0.011295732123805056,0.0019209588728351327,141
SCM,0.01,True,False,netconsumption_230__donor_lag_14,donor_lag,netconsumption_230,-0.01127048232437116,0.01127048232437116,0.0019166648770384698,142
SCM,0.01,True,False,netconsumption_189__donor_lag_3,donor_lag,netconsumption_189,-0.011191333555666018,0.011191333555666018,0.001903204790711024,143
SCM,0.01,True,False,netconsumption_204__donor_lag_6,donor_lag,netconsumption_204,0.011074359504296274,0.011074359504296274,0.0018833121144854045,144
SCM,0.01,True,False,netconsumption_187,current_donor,netconsumption_187,0.011057377902720922,0.011057377902720922,0.0018804242132972756,145
SCM,0.01,True,False,netconsumption_133,current_donor,netconsumption_133,0.010978466734176233,0.010978466734176233,0.0018670045333933716,146
SCM,0.01,True,False,netconsumption_119__donor_lag_9,donor_lag,netconsumption_119,0.010931590657554228,0.010931590657554228,0.0018590327601321261,147
SCM,0.01,True,False,netconsumption_289__donor_lag_3,donor_lag,netconsumption_289,0.010898138098016829,0.010898138098016829,0.0018533437981101794,148
SCM,0.01,True,False,netconsumption_29,current_donor,netconsumption_29,0.010881892673062658,0.010881892673062658,0.0018505810915528129,149
SCM,0.01,True,False,netconsumption_52,current_donor,netconsumption_52,0.01085435462885959,0.01085435462885959,0.0018458979554999554,150
SCM,0.01,True,False,netconsumption_222,current_donor,netconsumption_222,-0.010835622936388421,0.010835622936388421,0.0018427124328210067,151
SCM,0.01,True,False,netconsumption_257,current_donor,netconsumption_257,-0.010824215621621284,0.010824215621621284,0.0018407724981379795,152
SCM,0.01,True,False,netconsumption_207,current_donor,netconsumption_207,-0.01074560480245492,0.01074560480245492,0.0018274038958266496,153
SCM,0.01,True,False,netconsumption_25,current_donor,netconsumption_25,-0.01073790008768577,0.01073790008768577,0.0018260936274849214,154
SCM,0.01,True,False,netconsumption_113__donor_lag_11,donor_lag,netconsumption_113,0.010671522272111607,0.010671522272111607,0.0018148053769856125,155
SCM,0.01,True,False,netconsumption_202__donor_lag_11,donor_lag,netconsumption_202,-0.010604041577252865,0.010604041577252865,0.0018033295701841393,156
SCM,0.01,True,False,netconsumption_223__donor_lag_4,donor_lag,netconsumption_223,-0.010546629337061474,0.010546629337061474,0.0017935660107267959,157
SCM,0.01,True,False,netconsumption_37,current_donor,netconsumption_37,-0.010481004767653526,0.010481004767653526,0.001782405857715154,158
SCM,0.01,True,False,netconsumption_70,current_donor,netconsumption_70,0.010461756684583608,0.010461756684583608,0.0017791325173461571,159
SCM,0.01,True,False,netconsumption_54__donor_lag_3,donor_lag,netconsumption_54,0.010397426437091994,0.010397426437091994,0.001768192477483644,160
SCM,0.01,True,False,netconsumption_89__donor_lag_13,donor_lag,netconsumption_89,0.01037111567248512,0.01037111567248512,0.0017637180533233777,161
SCM,0.01,True,False,netconsumption_277,current_donor,netconsumption_277,-0.010362405326381451,0.010362405326381451,0.001762236766723278,162
SCM,0.01,True,False,netconsumption_69__donor_lag_6,donor_lag,netconsumption_69,0.01032696020419939,0.01032696020419939,0.0017562089483217718,163
SCM,0.01,True,False,netconsumption_24,current_donor,netconsumption_24,-0.010307254462115785,0.010307254462115785,0.0017528577781907517,164
SCM,0.01,True,False,netconsumption_291,current_donor,netconsumption_291,0.010292205230219856,0.010292205230219856,0.0017502984969309813,165
SCM,0.01,True,False,netconsumption_161__donor_lag_3,donor_lag,netconsumption_161,0.010258522704237182,0.010258522704237182,0.001744570426679602,166
SCM,0.01,True,False,netconsumption_40__donor_lag_19,donor_lag,netconsumption_40,-0.010253837094785166,0.010253837094785166,0.001743773589170281,167
SCM,0.01,True,False,netconsumption_251,current_donor,netconsumption_251,0.010253162847832582,0.010253162847832582,0.0017436589263355171,168
SCM,0.01,True,False,netconsumption_84,current_donor,netconsumption_84,-0.010250317395553725,0.010250317395553725,0.001743175027041307,169
SCM,0.01,True,False,netconsumption_155__donor_lag_3,donor_lag,netconsumption_155,-0.01021336109337645,0.01021336109337645,0.0017368902164777663,170
SCM,0.01,True,False,netconsumption_180__donor_lag_3,donor_lag,netconsumption_180,0.010123325326617146,0.010123325326617146,0.0017215786808346444,171
SCM,0.01,True,False,netconsumption_99__donor_lag_23,donor_lag,netconsumption_99,0.010057588248427528,0.010057588248427528,0.0017103993945131778,172
SCM,0.01,True,False,netconsumption_137__donor_lag_3,donor_lag,netconsumption_137,-0.01003529781193526,0.01003529781193526,0.0017066086697252777,173
SCM,0.01,True,False,netconsumption_241__donor_lag_3,donor_lag,netconsumption_241,-0.010006447479777365,0.010006447479777365,0.00170170236520818,174
SCM,0.01,True,False,netconsumption_26__donor_lag_1,donor_lag,netconsumption_26,-0.009978418271117916,0.009978418271117916,0.0016969357014379365,175
SCM,0.01,True,False,netconsumption_156__donor_lag_24,donor_lag,netconsumption_156,-0.009940283273199665,0.009940283273199665,0.0016904504411809028,176
SCM,0.01,True,False,netconsumption_51__donor_lag_13,donor_lag,netconsumption_51,-0.00983727124737481,0.00983727124737481,0.0016729321552612186,177
SCM,0.01,True,False,netconsumption_245,current_donor,netconsumption_245,-0.009798462534127958,0.009798462534127958,0.0016663323225777093,178
SCM,0.01,True,False,netconsumption_275__donor_lag_3,donor_lag,netconsumption_275,-0.009784475568416474,0.009784475568416474,0.0016639536909323208,179
SCM,0.01,True,False,netconsumption_47,current_donor,netconsumption_47,-0.009767851680886848,0.009767851680886848,0.001661126622805966,180
SCM,0.01,True,False,netconsumption_200,current_donor,netconsumption_200,-0.009756341079433777,0.009756341079433777,0.001659169123128159,181
SCM,0.01,True,False,netconsumption_75__donor_lag_3,donor_lag,netconsumption_75,-0.00975498150852851,0.00975498150852851,0.0016589379136974557,182
SCM,0.01,True,False,netconsumption_7__donor_lag_6,donor_lag,netconsumption_7,-0.009753044793335879,0.009753044793335879,0.0016586085547685555,183
SCM,0.01,True,False,netconsumption_107__donor_lag_6,donor_lag,netconsumption_107,-0.009735605916667781,0.009735605916667781,0.0016556428891082251,184
SCM,0.01,True,False,netconsumption_109,current_donor,netconsumption_109,0.009670064372794655,0.009670064372794655,0.001644496855468045,185
SCM,0.01,True,False,netconsumption_23,current_donor,netconsumption_23,-0.009613118225655318,0.009613118225655318,0.0016348125600702682,186
SCM,0.01,True,False,netconsumption_26,current_donor,netconsumption_26,-0.009609575619625799,0.009609575619625799,0.001634210102397691,187
SCM,0.01,True,False,netconsumption_164__donor_lag_3,donor_lag,netconsumption_164,-0.009558735759295944,0.009558735759295944,0.0016255642457392704,188
SCM,0.01,True,False,netconsumption_292,current_donor,netconsumption_292,-0.00953950058715108,0.00953950058715108,0.0016222931010098096,189
SCM,0.01,True,False,netconsumption_273,current_donor,netconsumption_273,0.009538081794485148,0.009538081794485148,0.001622051820291529,190
SCM,0.01,True,False,netconsumption_190__donor_lag_14,donor_lag,netconsumption_190,0.00952299513525362,0.00952299513525362,0.0016194861741169735,191
SCM,0.01,True,False,netconsumption_218,current_donor,netconsumption_218,-0.00950159922295108,0.00950159922295108,0.0016158475726408153,192
SCM,0.01,True,False,netconsumption_121,current_donor,netconsumption_121,0.009446218261999805,0.009446218261999805,0.0016064294537301083,193
SCM,0.01,True,False,netconsumption_205__donor_lag_3,donor_lag,netconsumption_205,0.009431941877307108,0.009431941877307108,0.0016040016033219307,194
SCM,0.01,True,False,netconsumption_117,current_donor,netconsumption_117,-0.009427539244011261,0.009427539244011261,0.0016032528889047685,195
SCM,0.01,True,False,netconsumption_4__donor_lag_1,donor_lag,netconsumption_4,0.009391529847360386,0.009391529847360386,0.0015971291096540051,196
SCM,0.01,True,False,netconsumption_100,current_donor,netconsumption_100,-0.009369503355378717,0.009369503355378717,0.0015933832714253836,197
SCM,0.01,True,False,netconsumption_22,current_donor,netconsumption_22,-0.009349393531804312,0.009349393531804312,0.0015899633829575086,198
SCM,0.01,True,False,netconsumption_9__donor_lag_6,donor_lag,netconsumption_9,-0.009336956334326157,0.009336956334326157,0.001587848305812707,199
SCM,0.01,True,False,netconsumption_54,current_donor,netconsumption_54,0.00927346777423951,0.00927346777423951,0.0015770514038071298,200
SCM,0.01,True,False,netconsumption_162__donor_lag_3,donor_lag,netconsumption_162,-0.009251060333132458,0.009251060333132458,0.0015732407811453715,201
SCM,0.01,True,False,netconsumption_276,current_donor,netconsumption_276,-0.009211313577542714,0.009211313577542714,0.0015664814244273045,202
SCM,0.01,True,False,netconsumption_59__donor_lag_3,donor_lag,netconsumption_59,-0.009193047162169034,0.009193047162169034,0.0015633750270462074,203
SCM,0.01,True,False,netconsumption_126__donor_lag_6,donor_lag,netconsumption_126,0.009191509362229094,0.009191509362229094,0.0015631135078806593,204
SCM,0.01,True,False,netconsumption_159,current_donor,netconsumption_159,0.009155592906494286,0.009155592906494286,0.0015570055342169454,205
SCM,0.01,True,False,netconsumption_219,current_donor,netconsumption_219,0.009117121367830126,0.009117121367830126,0.0015504630416420023,206
SCM,0.01,True,False,netconsumption_15__donor_lag_18,donor_lag,netconsumption_15,-0.009009788927667493,0.009009788927667493,0.001532210023509699,207
SCM,0.01,True,False,netconsumption_94__donor_lag_6,donor_lag,netconsumption_94,0.008975543407547928,0.008975543407547928,0.001526386210143065,208
SCM,0.01,True,False,netconsumption_253__donor_lag_23,donor_lag,netconsumption_253,0.008970757010653963,0.008970757010653963,0.0015255722326618713,209
SCM,0.01,True,False,netconsumption_290__donor_lag_6,donor_lag,netconsumption_290,0.00896989871933165,0.00896989871933165,0.0015254262711329502,210
SCM,0.01,True,False,netconsumption_269,current_donor,netconsumption_269,0.008886265059788217,0.008886265059788217,0.0015112034816221174,211
SCM,0.01,True,False,netconsumption_145__donor_lag_9,donor_lag,netconsumption_145,0.008799844531723774,0.008799844531723774,0.0014965067556055158,212
SCM,0.01,True,False,netconsumption_296,current_donor,netconsumption_296,0.008793976480945603,0.008793976480945603,0.0014955088314262748,213
SCM,0.01,True,False,netconsumption_164,current_donor,netconsumption_164,0.008780462571429837,0.008780462571429837,0.0014932106479967745,214
SCM,0.01,True,False,netconsumption_294__donor_lag_24,donor_lag,netconsumption_294,-0.008776681132508884,0.008776681132508884,0.0014925675742616972,215
SCM,0.01,True,False,treated__treated_lag_11,treated_lag,,0.008694464690216144,0.008694464690216144,0.0014785857975530994,216
SCM,0.01,True,False,netconsumption_63__donor_lag_12,donor_lag,netconsumption_63,0.008686274582734504,0.008686274582734504,0.0014771929830401584,217
SCM,0.01,True,False,netconsumption_298,current_donor,netconsumption_298,-0.008685570122266943,0.008685570122266943,0.0014770731820772027,218
SCM,0.01,True,False,netconsumption_202,current_donor,netconsumption_202,-0.008677411329500813,0.008677411329500813,0.0014756856929632664,219
SCM,0.01,True,False,netconsumption_30,current_donor,netconsumption_30,0.008655626793041438,0.008655626793041438,0.0014719810018335921,220
SCM,0.01,True,False,netconsumption_265__donor_lag_3,donor_lag,netconsumption_265,-0.00861163695669382,0.00861163695669382,0.001464500064297154,221
SCM,0.01,True,False,netconsumption_78,current_donor,netconsumption_78,0.00860858451812623,0.00860858451812623,0.001463980964792498,222
SCM,0.01,True,False,netconsumption_157__donor_lag_3,donor_lag,netconsumption_157,-0.008595656453243127,0.008595656453243127,0.001461782410447052,223
SCM,0.01,True,False,netconsumption_168__donor_lag_6,donor_lag,netconsumption_168,0.008586176880366543,0.008586176880366543,0.0014601703086878765,224
SCM,0.01,True,False,netconsumption_194,current_donor,netconsumption_194,0.008484860692639908,0.008484860692639908,0.0014429404179962275,225
SCM,0.01,True,False,netconsumption_163__donor_lag_3,donor_lag,netconsumption_163,-0.008481651201334699,0.008481651201334699,0.0014423946100103036,226
SCM,0.01,True,False,netconsumption_135,current_donor,netconsumption_135,0.00841718765719529,0.00841718765719529,0.0014314319016411818,227
SCM,0.01,True,False,netconsumption_36__donor_lag_6,donor_lag,netconsumption_36,0.008408775892749284,0.008408775892749284,0.0014300013920140369,228
SCM,0.01,True,False,netconsumption_184,current_donor,netconsumption_184,-0.00838786630827837,0.00838786630827837,0.0014264454957360036,229
SCM,0.01,True,False,netconsumption_218__donor_lag_14,donor_lag,netconsumption_218,0.0083746163958351,0.0083746163958351,0.0014241922078044895,230
SCM,0.01,True,False,netconsumption_98__donor_lag_11,donor_lag,netconsumption_98,0.00835908490556952,0.00835908490556952,0.0014215509134016995,231
SCM,0.01,True,False,netconsumption_122,current_donor,netconsumption_122,-0.008355882636669499,0.008355882636669499,0.0014210063336622654,232
SCM,0.01,True,False,netconsumption_283__donor_lag_3,donor_lag,netconsumption_283,-0.008341301446898597,0.008341301446898597,0.0014185266479225622,233
SCM,0.01,True,False,netconsumption_93__donor_lag_3,donor_lag,netconsumption_93,-0.008261544458216245,0.008261544458216245,0.0014049631273467605,234
SCM,0.01,True,False,netconsumption_144__donor_lag_3,donor_lag,netconsumption_144,-0.008261079621662934,0.008261079621662934,0.0014048840769681117,235
SCM,0.01,True,False,netconsumption_296__donor_lag_3,donor_lag,netconsumption_296,-0.00824590024189693,0.00824590024189693,0.0014023026626847305,236
SCM,0.01,True,False,netconsumption_99,current_donor,netconsumption_99,0.008207287860852817,0.008207287860852817,0.0013957362183715136,237
SCM,0.01,True,False,netconsumption_260__donor_lag_14,donor_lag,netconsumption_260,-0.008199082062621797,0.008199082062621797,0.0013943407354804708,238
SCM,0.01,True,False,netconsumption_23__donor_lag_3,donor_lag,netconsumption_23,-0.008192689808919823,0.008192689808919823,0.0013932536650425713,239
SCM,0.01,True,False,netconsumption_249,current_donor,netconsumption_249,-0.008177236866427505,0.008177236866427505,0.0013906257285204691,240
SCM,0.01,True,False,netconsumption_152,current_donor,netconsumption_152,0.008120902002463841,0.008120902002463841,0.0013810453883003873,241
SCM,0.01,True,False,netconsumption_207__donor_lag_13,donor_lag,netconsumption_207,0.008105666284227387,0.008105666284227387,0.001378454393063465,242
SCM,0.01,True,False,netconsumption_300,current_donor,netconsumption_300,0.008072494430319044,0.008072494430319044,0.0013728131680064953,243
SCM,0.01,True,False,netconsumption_131,current_donor,netconsumption_131,0.008063358588778775,0.008063358588778775,0.001371259521401278,244
SCM,0.01,True,False,netconsumption_147,current_donor,netconsumption_147,-0.008006307693002025,0.008006307693002025,0.0013615574123883897,245
SCM,0.01,True,False,netconsumption_106__donor_lag_3,donor_lag,netconsumption_106,-0.008003902627753027,0.008003902627753027,0.0013611484055724371,246
SCM,0.01,True,False,netconsumption_21,current_donor,netconsumption_21,-0.007930169103962235,0.007930169103962235,0.0013486092389917402,247
SCM,0.01,True,False,netconsumption_50,current_donor,netconsumption_50,-0.007920029604662359,0.007920029604662359,0.0013468849097554656,248
SCM,0.01,True,False,netconsumption_236,current_donor,netconsumption_236,0.007855981769216161,0.007855981769216161,0.0013359928970521036,249
SCM,0.01,True,False,netconsumption_31__donor_lag_14,donor_lag,netconsumption_31,-0.007845025733422658,0.007845025733422658,0.0013341297071377222,250
SCM,0.01,True,False,netconsumption_47__donor_lag_15,donor_lag,netconsumption_47,0.007844679126300826,0.007844679126300826,0.0013340707629259814,251
SCM,0.01,True,False,netconsumption_298__donor_lag_14,donor_lag,netconsumption_298,-0.007840752034656982,0.007840752034656982,0.0013334029194028705,252
SCM,0.01,True,False,netconsumption_177,current_donor,netconsumption_177,0.007837096889869681,0.007837096889869681,0.0013327813233227136,253
SCM,0.01,True,False,netconsumption_61__donor_lag_1,donor_lag,netconsumption_61,-0.007773965814854861,0.007773965814854861,0.0013220452154394746,254
SCM,0.01,True,False,netconsumption_117__donor_lag_3,donor_lag,netconsumption_117,-0.007738030585923976,0.007738030585923976,0.0013159340491949538,255
SCM,0.01,True,False,netconsumption_94,current_donor,netconsumption_94,0.007732419969022519,0.007732419969022519,0.0013149799043727498,256
SCM,0.01,True,False,netconsumption_111__donor_lag_3,donor_lag,netconsumption_111,-0.007722309371103898,0.007722309371103898,0.001313260490122432,257
SCM,0.01,True,False,netconsumption_136__donor_lag_11,donor_lag,netconsumption_136,-0.007702134471781847,0.007702134471781847,0.0013098295348344985,258
SCM,0.01,True,False,netconsumption_254,current_donor,netconsumption_254,0.007686534783077844,0.007686534783077844,0.0013071766425650129,259
SCM,0.01,True,False,netconsumption_98,current_donor,netconsumption_98,-0.007677847542425158,0.007677847542425158,0.0013056992852915467,260
SCM,0.01,True,False,netconsumption_198__donor_lag_13,donor_lag,netconsumption_198,0.007658829008874644,0.007658829008874644,0.0013024649822493224,261
SCM,0.01,True,False,netconsumption_30__donor_lag_1,donor_lag,netconsumption_30,-0.007630090617205581,0.007630090617205581,0.001297577714397834,262
SCM,0.01,True,False,netconsumption_188__donor_lag_3,donor_lag,netconsumption_188,-0.007625730339219423,0.007625730339219423,0.0012968362029496397,263
SCM,0.01,True,False,netconsumption_206,current_donor,netconsumption_206,0.007616853995555242,0.007616853995555242,0.001295326686706411,264
SCM,0.01,True,False,netconsumption_172__donor_lag_14,donor_lag,netconsumption_172,-0.00759182532243443,0.00759182532243443,0.0012910702957810818,265
SCM,0.01,True,False,netconsumption_11__donor_lag_14,donor_lag,netconsumption_11,0.007582256382520703,0.007582256382520703,0.0012894429962108165,266
SCM,0.01,True,False,netconsumption_225__donor_lag_9,donor_lag,netconsumption_225,-0.00757735972319688,0.00757735972319688,0.0012886102674357133,267
SCM,0.01,True,False,netconsumption_32__donor_lag_3,donor_lag,netconsumption_32,-0.007576800259807142,0.007576800259807142,0.0012885151247614037,268
SCM,0.01,True,False,netconsumption_55,current_donor,netconsumption_55,0.007570454646873004,0.007570454646873004,0.0012874359860800145,269
SCM,0.01,True,False,netconsumption_190,current_donor,netconsumption_190,-0.00752755843142458,0.00752755843142458,0.0012801410303592568,270
SCM,0.01,True,False,netconsumption_71__donor_lag_11,donor_lag,netconsumption_71,-0.007525089222271258,0.007525089222271258,0.001279721115193071,271
SCM,0.01,True,False,netconsumption_272,current_donor,netconsumption_272,-0.007513375071987592,0.007513375071987592,0.001277728999880978,272
SCM,0.01,True,False,netconsumption_159__donor_lag_3,donor_lag,netconsumption_159,0.007493681248815987,0.007493681248815987,0.0012743798566871682,273
SCM,0.01,True,False,netconsumption_268__donor_lag_3,donor_lag,netconsumption_268,-0.007434120566755027,0.007434120566755027,0.0012642509319372626,274
SCM,0.01,True,False,netconsumption_60__donor_lag_3,donor_lag,netconsumption_60,-0.00738642269370572,0.00738642269370572,0.0012561394034904844,275
SCM,0.01,True,False,netconsumption_96__donor_lag_5,donor_lag,netconsumption_96,0.007385062087933908,0.007385062087933908,0.0012559080180697655,276
SCM,0.01,True,False,netconsumption_123,current_donor,netconsumption_123,0.00737701409484634,0.00737701409484634,0.0012545393716145705,277
SCM,0.01,True,False,netconsumption_229__donor_lag_14,donor_lag,netconsumption_229,-0.007348092616286552,0.007348092616286552,0.0012496209678983692,278
SCM,0.01,True,False,netconsumption_228__donor_lag_14,donor_lag,netconsumption_228,-0.007333008957249122,0.007333008957249122,0.001247055831938593,279
SCM,0.01,True,False,netconsumption_265,current_donor,netconsumption_265,-0.007271681190431804,0.007271681190431804,0.0012366263957119127,280
SCM,0.01,True,False,netconsumption_172,current_donor,netconsumption_172,-0.007229106907913493,0.007229106907913493,0.0012293861880952868,281
SCM,0.01,True,False,netconsumption_185,current_donor,netconsumption_185,-0.007191164571499327,0.007191164571499327,0.0012229336919673654,282
SCM,0.01,True,False,netconsumption_224__donor_lag_3,donor_lag,netconsumption_224,0.007176382035581519,0.007176382035581519,0.0012204197651830648,283
SCM,0.01,True,False,netconsumption_138__donor_lag_3,donor_lag,netconsumption_138,-0.0071668882942062815,0.0071668882942062815,0.0012188052539206448,284
SCM,0.01,True,False,treated__treated_lag_48,treated_lag,,0.0071481696451545645,0.0071481696451545645,0.0012156219494133076,285
SCM,0.01,True,False,netconsumption_300__donor_lag_24,donor_lag,netconsumption_300,0.007100013247668916,0.007100013247668916,0.0012074324440302187,286
SCM,0.01,True,False,netconsumption_290,current_donor,netconsumption_290,-0.007057952406947003,0.007057952406947003,0.0012002795526285725,287
SCM,0.01,True,False,netconsumption_270,current_donor,netconsumption_270,-0.007043583995500924,0.007043583995500924,0.0011978360520963915,288
SCM,0.01,True,False,netconsumption_214,current_donor,netconsumption_214,-0.007032430602233368,0.007032430602233368,0.0011959392994534727,289
SCM,0.01,True,False,netconsumption_236__donor_lag_3,donor_lag,netconsumption_236,0.006941635759003174,0.006941635759003174,0.001180498674817629,290
SCM,0.01,True,False,netconsumption_110,current_donor,netconsumption_110,0.0069049580288110535,0.0069049580288110535,0.0011742612383703246,291
SCM,0.01,True,False,netconsumption_58,current_donor,netconsumption_58,-0.006891677147409358,0.006891677147409358,0.0011720026838394593,292
SCM,0.01,True,False,netconsumption_56,current_donor,netconsumption_56,-0.006885187342145188,0.006885187342145188,0.0011708990237253084,293
SCM,0.01,True,False,netconsumption_8,current_donor,netconsumption_8,-0.006867508962463473,0.006867508962463473,0.0011678926280411037,294
SCM,0.01,True,False,netconsumption_105,current_donor,netconsumption_105,-0.006846066492817592,0.006846066492817592,0.001164246108995654,295
SCM,0.01,True,False,netconsumption_127,current_donor,netconsumption_127,-0.006788730846290133,0.006788730846290133,0.0011544955751020122,296
SCM,0.01,True,False,netconsumption_208__donor_lag_1,donor_lag,netconsumption_208,-0.006714108226249635,0.006714108226249635,0.0011418052082882574,297
SCM,0.01,True,False,netconsumption_180,current_donor,netconsumption_180,0.006693828175328983,0.006693828175328983,0.0011383563708573948,298
SCM,0.01,True,False,netconsumption_250__donor_lag_11,donor_lag,netconsumption_250,-0.006676134500593435,0.006676134500593435,0.0011353473740873068,299
SCM,0.01,True,False,netconsumption_91__donor_lag_14,donor_lag,netconsumption_91,0.006657451757250989,0.006657451757250989,0.0011321701757260833,300
SCM,0.01,True,False,netconsumption_232,current_donor,netconsumption_232,-0.006648289625222351,0.006648289625222351,0.0011306120581448945,301
SCM,0.01,True,False,netconsumption_248,current_donor,netconsumption_248,0.006616657904410579,0.006616657904410579,0.0011252327490314674,302
SCM,0.01,True,False,netconsumption_40,current_donor,netconsumption_40,-0.006602905426783129,0.006602905426783129,0.0011228939945680675,303
SCM,0.01,True,False,netconsumption_13,current_donor,netconsumption_13,-0.00659923713572097,0.00659923713572097,0.0011222701628246477,304
SCM,0.01,True,False,netconsumption_261__donor_lag_11,donor_lag,netconsumption_261,-0.006511920001138316,0.006511920001138316,0.0011074209593742931,305
SCM,0.01,True,False,netconsumption_74__donor_lag_3,donor_lag,netconsumption_74,-0.006486273083213985,0.006486273083213985,0.001103059429372728,306
SCM,0.01,True,False,netconsumption_269__donor_lag_1,donor_lag,netconsumption_269,-0.006419770136096809,0.006419770136096809,0.0010917498989293493,307
SCM,0.01,True,False,netconsumption_227__donor_lag_9,donor_lag,netconsumption_227,0.006383045172861489,0.006383045172861489,0.0010855044300028369,308
SCM,0.01,True,False,netconsumption_31,current_donor,netconsumption_31,-0.00636155308038449,0.00636155308038449,0.001081849472069435,309
SCM,0.01,True,False,netconsumption_110__donor_lag_3,donor_lag,netconsumption_110,-0.0063586290584612196,0.0063586290584612196,0.0010813522111751159,310
SCM,0.01,True,False,netconsumption_260,current_donor,netconsumption_260,0.006346474630259405,0.006346474630259405,0.0010792852219403668,311
SCM,0.01,True,False,netconsumption_231,current_donor,netconsumption_231,-0.006338017862855799,0.006338017862855799,0.0010778470590836872,312
SCM,0.01,True,False,netconsumption_254__donor_lag_14,donor_lag,netconsumption_254,-0.006304935738021766,0.006304935738021766,0.0010722210934060621,313
SCM,0.01,True,False,netconsumption_34,current_donor,netconsumption_34,0.006303723305964683,0.006303723305964683,0.001072014906494737,314
SCM,0.01,True,False,netconsumption_104__donor_lag_6,donor_lag,netconsumption_104,0.006241162117889328,0.006241162117889328,0.0010613757139208272,315
SCM,0.01,True,False,netconsumption_282__donor_lag_3,donor_lag,netconsumption_282,-0.00615681763775147,0.00615681763775147,0.0010470320418401098,316
SCM,0.01,True,False,netconsumption_158,current_donor,netconsumption_158,0.006156317089700013,0.006156317089700013,0.001046946918343006,317
SCM,0.01,True,False,netconsumption_233__donor_lag_3,donor_lag,netconsumption_233,-0.00610709090772614,0.00610709090772614,0.0010385754847783567,318
SCM,0.01,True,False,netconsumption_60,current_donor,netconsumption_60,-0.006096496069691708,0.006096496069691708,0.0010367737203680976,319
SCM,0.01,True,False,netconsumption_179,current_donor,netconsumption_179,0.006088083357025494,0.006088083357025494,0.001035343049486064,320
SCM,0.01,True,False,netconsumption_294,current_donor,netconsumption_294,0.006019936130911993,0.006019936130911993,0.001023753891985954,321
SCM,0.01,True,False,netconsumption_17__donor_lag_11,donor_lag,netconsumption_17,-0.006010502234791486,0.006010502234791486,0.00102214955804288,322
SCM,0.01,True,False,netconsumption_109__donor_lag_3,donor_lag,netconsumption_109,0.005970780440682513,0.005970780440682513,0.0010153944462889676,323
SCM,0.01,True,False,netconsumption_37__donor_lag_3,donor_lag,netconsumption_37,-0.005956708145307424,0.005956708145307424,0.001013001303430616,324
SCM,0.01,True,False,netconsumption_101,current_donor,netconsumption_101,-0.005904776010277744,0.005904776010277744,0.0010041696938919748,325
SCM,0.01,True,False,netconsumption_217__donor_lag_6,donor_lag,netconsumption_217,0.005895967514104393,0.005895967514104393,0.001002671715833087,326
SCM,0.01,True,False,treated__treated_lag_4,treated_lag,,0.005851092765834405,0.005851092765834405,0.000995040289652768,327
SCM,0.01,True,False,netconsumption_203__donor_lag_3,donor_lag,netconsumption_203,-0.005849091788679715,0.005849091788679715,0.0009947000022966662,328
SCM,0.01,True,False,netconsumption_189,current_donor,netconsumption_189,0.0057637616783365354,0.0057637616783365354,0.0009801887133614152,329
SCM,0.01,True,False,netconsumption_22__donor_lag_3,donor_lag,netconsumption_22,0.005716568279070768,0.005716568279070768,0.0009721629760240563,330
SCM,0.01,True,False,netconsumption_96,current_donor,netconsumption_96,0.005685041045079499,0.005685041045079499,0.0009668014360010023,331
SCM,0.01,True,False,netconsumption_244__donor_lag_3,donor_lag,netconsumption_244,-0.005684744884492072,0.005684744884492072,0.0009667510707566811,332
SCM,0.01,True,False,netconsumption_142,current_donor,netconsumption_142,0.005664884459379578,0.005664884459379578,0.0009633735951384587,333
SCM,0.01,True,False,netconsumption_246__donor_lag_6,donor_lag,netconsumption_246,0.005655484380017582,0.005655484380017582,0.000961775012093299,334
SCM,0.01,True,False,netconsumption_221,current_donor,netconsumption_221,0.005572766588982417,0.005572766588982417,0.0009477079757216188,335
SCM,0.01,True,False,netconsumption_224,current_donor,netconsumption_224,-0.005549087302025656,0.005549087302025656,0.0009436810622038894,336
SCM,0.01,True,False,netconsumption_120__donor_lag_3,donor_lag,netconsumption_120,-0.005532982342059015,0.005532982342059015,0.0009409422432052187,337
SCM,0.01,True,False,netconsumption_35,current_donor,netconsumption_35,-0.005527418885412586,0.005527418885412586,0.0009399961184838234,338
SCM,0.01,True,False,netconsumption_9,current_donor,netconsumption_9,0.005494593532520043,0.005494593532520043,0.0009344138195941402,339
SCM,0.01,True,False,treated__treated_lag_6,treated_lag,,0.005475872951760944,0.005475872951760944,0.0009312301865795053,340
SCM,0.01,True,False,netconsumption_275,current_donor,netconsumption_275,0.005466143130325512,0.005466143130325512,0.0009295755274026906,341
SCM,0.01,True,False,treated__treated_lag_2,treated_lag,,0.005434677858337858,0.005434677858337858,0.0009242245246745475,342
SCM,0.01,True,False,netconsumption_111,current_donor,netconsumption_111,0.005433017366330507,0.005433017366330507,0.0009239421404235904,343
SCM,0.01,True,False,netconsumption_44__donor_lag_24,donor_lag,netconsumption_44,-0.00542660854063581,0.00542660854063581,0.000922852251742826,344
SCM,0.01,True,False,netconsumption_196,current_donor,netconsumption_196,-0.0054024618725232055,0.0054024618725232055,0.0009187458551098393,345
SCM,0.01,True,False,treated__treated_lag_47,treated_lag,,0.005369468387303712,0.005369468387303712,0.0009131349635373866,346
SCM,0.01,True,False,netconsumption_27__donor_lag_13,donor_lag,netconsumption_27,0.005350945393801003,0.005350945393801003,0.0009099849323282091,347
SCM,0.01,True,False,netconsumption_130__donor_lag_3,donor_lag,netconsumption_130,0.005334627370510037,0.005334627370510037,0.0009072098796548324,348
SCM,0.01,True,False,netconsumption_173__donor_lag_9,donor_lag,netconsumption_173,-0.005320451024243979,0.005320451024243979,0.0009047990418405416,349
SCM,0.01,True,False,netconsumption_83__donor_lag_3,donor_lag,netconsumption_83,-0.005308233801521367,0.005308233801521367,0.0009027213737325183,350
SCM,0.01,True,False,netconsumption_183__donor_lag_11,donor_lag,netconsumption_183,-0.0052980089092309335,0.0052980089092309335,0.0009009825225138622,351
SCM,0.01,True,False,netconsumption_289,current_donor,netconsumption_289,-0.00526322974314182,0.00526322974314182,0.0008950679569986361,352
SCM,0.01,True,False,netconsumption_130,current_donor,netconsumption_130,0.005236092440365011,0.005236092440365011,0.0008904529712692857,353
SCM,0.01,True,False,netconsumption_210,current_donor,netconsumption_210,0.005219980289764023,0.005219980289764023,0.0008877129294270932,354
SCM,0.01,True,False,netconsumption_4,current_donor,netconsumption_4,0.00520167457771126,0.00520167457771126,0.0008845998492295544,355
SCM,0.01,True,False,netconsumption_65__donor_lag_4,donor_lag,netconsumption_65,0.005148586978373698,0.005148586978373698,0.0008755717407486449,356
SCM,0.01,True,False,netconsumption_266,current_donor,netconsumption_266,-0.005122387525156322,0.005122387525156322,0.0008711162462689835,357
SCM,0.01,True,False,netconsumption_243__donor_lag_6,donor_lag,netconsumption_243,-0.005063151958333312,0.005063151958333312,0.0008610426108083589,358
SCM,0.01,True,False,netconsumption_88,current_donor,netconsumption_88,-0.005057984724526593,0.005057984724526593,0.0008601638679769746,359
SCM,0.01,True,False,netconsumption_278__donor_lag_3,donor_lag,netconsumption_278,-0.00505353092732512,0.00505353092732512,0.0008594064525958195,360
SCM,0.01,True,False,netconsumption_107,current_donor,netconsumption_107,-0.005048954778728246,0.005048954778728246,0.0008586282300641387,361
SCM,0.01,True,False,treated__treated_lag_5,treated_lag,,0.005016333351423145,0.005016333351423145,0.000853080610880233,362
SCM,0.01,True,False,netconsumption_256__donor_lag_3,donor_lag,netconsumption_256,0.004990103918847959,0.004990103918847959,0.0008486200180932856,363
SCM,0.01,True,False,netconsumption_62__donor_lag_13,donor_lag,netconsumption_62,-0.004983984671955639,0.004983984671955639,0.0008475793753545916,364
SCM,0.01,True,False,netconsumption_139__donor_lag_8,donor_lag,netconsumption_139,0.004972279668503159,0.004972279668503159,0.0008455888155580093,365
SCM,0.01,True,False,netconsumption_149__donor_lag_13,donor_lag,netconsumption_149,0.0049370649126449,0.0049370649126449,0.0008396001733895143,366
SCM,0.01,True,False,netconsumption_89,current_donor,netconsumption_89,0.004900558787637836,0.004900558787637836,0.0008333919202212791,367
SCM,0.01,True,False,netconsumption_160__donor_lag_6,donor_lag,netconsumption_160,-0.004895652798471491,0.004895652798471491,0.0008325576048076492,368
SCM,0.01,True,False,netconsumption_287,current_donor,netconsumption_287,-0.00489005635292223,0.00489005635292223,0.000831605869973965,369
SCM,0.01,True,False,netconsumption_12,current_donor,netconsumption_12,-0.004869672123565712,0.004869672123565712,0.0008281393158968026,370
SCM,0.01,True,False,netconsumption_20__donor_lag_3,donor_lag,netconsumption_20,-0.004850715320165337,0.004850715320165337,0.0008249155107203504,371
SCM,0.01,True,False,netconsumption_176__donor_lag_3,donor_lag,netconsumption_176,0.004834421073781842,0.004834421073781842,0.0008221445015618937,372
SCM,0.01,True,False,netconsumption_144,current_donor,netconsumption_144,0.004815970922869528,0.004815970922869528,0.0008190068580066377,373
SCM,0.01,True,False,netconsumption_133__donor_lag_6,donor_lag,netconsumption_133,0.004655137206704666,0.004655137206704666,0.0007916553812956383,374
SCM,0.01,True,False,netconsumption_242,current_donor,netconsumption_242,-0.004620413857664827,0.004620413857664827,0.0007857503080607606,375
SCM,0.01,True,False,netconsumption_21__donor_lag_15,donor_lag,netconsumption_21,-0.004618299722248014,0.004618299722248014,0.0007853907769438053,376
SCM,0.01,True,False,netconsumption_169,current_donor,netconsumption_169,-0.004592390221806368,0.004592390221806368,0.0007809845920043434,377
SCM,0.01,True,False,netconsumption_14__donor_lag_3,donor_lag,netconsumption_14,0.0045814278864647374,0.0045814278864647374,0.0007791203307850886,378
SCM,0.01,True,False,netconsumption_212,current_donor,netconsumption_212,-0.00454514698612735,0.00454514698612735,0.0007729503794571286,379
SCM,0.01,True,False,netconsumption_88__donor_lag_3,donor_lag,netconsumption_88,0.004544700071155317,0.004544700071155317,0.0007728743768331712,380
SCM,0.01,True,False,netconsumption_154,current_donor,netconsumption_154,-0.004500814188720212,0.004500814188720212,0.000765411117760459,381
SCM,0.01,True,False,netconsumption_235__donor_lag_6,donor_lag,netconsumption_235,-0.004492883677718753,0.004492883677718753,0.0007640624503781771,382
SCM,0.01,True,False,netconsumption_179__donor_lag_3,donor_lag,netconsumption_179,0.004473308923406416,0.004473308923406416,0.0007607335561048606,383
SCM,0.01,True,False,netconsumption_73__donor_lag_3,donor_lag,netconsumption_73,-0.0044720287915458005,0.0044720287915458005,0.0007605158561249836,384
SCM,0.01,True,False,netconsumption_166,current_donor,netconsumption_166,0.004469715588881026,0.004469715588881026,0.0007601224715143306,385
SCM,0.01,True,False,treated__treated_lag_44,treated_lag,,0.004447072449744729,0.004447072449744729,0.0007562717659065866,386
SCM,0.01,True,False,netconsumption_154__donor_lag_13,donor_lag,netconsumption_154,-0.004418310558101376,0.004418310558101376,0.0007513805016355982,387
SCM,0.01,True,False,netconsumption_287__donor_lag_13,donor_lag,netconsumption_287,0.004410869032638756,0.004410869032638756,0.0007501149914226991,388
SCM,0.01,True,False,netconsumption_186__donor_lag_9,donor_lag,netconsumption_186,0.00440343206735983,0.00440343206735983,0.0007488502567173309,389
SCM,0.01,True,False,netconsumption_226,current_donor,netconsumption_226,0.004401178258189045,0.004401178258189045,0.0007484669725993257,390
SCM,0.01,True,False,netconsumption_272__donor_lag_3,donor_lag,netconsumption_272,-0.004380962155127059,0.004380962155127059,0.0007450290101790562,391
SCM,0.01,True,False,netconsumption_286,current_donor,netconsumption_286,-0.004377284524962784,0.004377284524962784,0.0007444035902224176,392
SCM,0.01,True,False,netconsumption_212__donor_lag_14,donor_lag,netconsumption_212,0.004355413300396696,0.004355413300396696,0.000740684156862144,393
SCM,0.01,True,False,netconsumption_129,current_donor,netconsumption_129,0.004347244897773547,0.004347244897773547,0.0007392950334902502,394
SCM,0.01,True,False,treated__treated_lag_96,treated_lag,,0.0043450767995399445,0.0043450767995399445,0.0007389263254248173,395
SCM,0.01,True,False,netconsumption_57__donor_lag_3,donor_lag,netconsumption_57,-0.004334249960565088,0.004334249960565088,0.0007370851067976795,396
SCM,0.01,True,False,netconsumption_46,current_donor,netconsumption_46,0.0043316121813824215,0.0043316121813824215,0.0007366365245127966,397
SCM,0.01,True,False,netconsumption_201__donor_lag_14,donor_lag,netconsumption_201,-0.004312686599636323,0.004312686599636323,0.0007334180289093006,398
SCM,0.01,True,False,netconsumption_153__donor_lag_3,donor_lag,netconsumption_153,-0.004310908116138195,0.004310908116138195,0.0007331155789557717,399
SCM,0.01,True,False,netconsumption_214__donor_lag_3,donor_lag,netconsumption_214,-0.0042983038486982435,0.0042983038486982435,0.0007309720897946454,400
SCM,0.01,True,False,netconsumption_13__donor_lag_3,donor_lag,netconsumption_13,-0.004290053973703989,0.004290053973703989,0.0007295691111832285,401
SCM,0.01,True,False,netconsumption_246,current_donor,netconsumption_246,-0.0042707773263451045,0.0042707773263451045,0.0007262909131543885,402
SCM,0.01,True,False,netconsumption_251__donor_lag_1,donor_lag,netconsumption_251,-0.004214589949894759,0.004214589949894759,0.0007167356547478832,403
SCM,0.01,True,False,netconsumption_24__donor_lag_3,donor_lag,netconsumption_24,0.00421176077181385,0.00421176077181385,0.0007162545230533826,404
SCM,0.01,True,False,treated__treated_lag_22,treated_lag,,0.004206654197466041,0.004206654197466041,0.0007153860960053877,405
SCM,0.01,True,False,netconsumption_124,current_donor,netconsumption_124,0.004195382628874051,0.004195382628874051,0.0007134692463970368,406
SCM,0.01,True,False,netconsumption_209,current_donor,netconsumption_209,0.0041548987714825816,0.0041548987714825816,0.0007065845377114577,407
SCM,0.01,True,False,netconsumption_33,current_donor,netconsumption_33,0.0041462466341618456,0.0041462466341618456,0.0007051131501313441,408
SCM,0.01,True,False,netconsumption_102,current_donor,netconsumption_102,0.004123768846559107,0.004123768846559107,0.0007012905643030041,409
SCM,0.01,True,False,treated__treated_lag_7,treated_lag,,0.0041209159758375385,0.0041209159758375385,0.000700805403424047,410
SCM,0.01,True,False,treated__treated_lag_24,treated_lag,,0.004113138265336155,0.004113138265336155,0.0006994827213850058,411
SCM,0.01,True,False,netconsumption_285__donor_lag_3,donor_lag,netconsumption_285,0.004112792616016358,0.004112792616016358,0.0006994239400576448,412
SCM,0.01,True,False,netconsumption_91,current_donor,netconsumption_91,-0.0040890877449590475,0.0040890877449590475,0.0006953926756926738,413
SCM,0.01,True,False,netconsumption_135__donor_lag_3,donor_lag,netconsumption_135,-0.004043070592532621,0.004043070592532621,0.0006875669715871507,414
SCM,0.01,True,False,netconsumption_242__donor_lag_14,donor_lag,netconsumption_242,-0.004041615613400754,0.004041615613400754,0.0006873195369771124,415
SCM,0.01,True,False,netconsumption_213,current_donor,netconsumption_213,0.004038169373490611,0.004038169373490611,0.0006867334673836812,416
SCM,0.01,True,False,netconsumption_198,current_donor,netconsumption_198,-0.004035572795161944,0.004035572795161944,0.0006862918917403501,417
SCM,0.01,True,False,netconsumption_132,current_donor,netconsumption_132,-0.004021909241960326,0.004021909241960326,0.0006839682598172993,418
SCM,0.01,True,False,netconsumption_97,current_donor,netconsumption_97,-0.004012040922544735,0.004012040922544735,0.0006822900475922236,419
SCM,0.01,True,False,netconsumption_247,current_donor,netconsumption_247,0.0039728794087618416,0.0039728794087618416,0.0006756302174412972,420
SCM,0.01,True,False,netconsumption_222__donor_lag_14,donor_lag,netconsumption_222,-0.003930442086872623,0.003930442086872623,0.0006684133014301025,421
SCM,0.01,True,False,netconsumption_63,current_donor,netconsumption_63,0.00391466340097325,0.00391466340097325,0.0006657299687919105,422
SCM,0.01,True,False,treated__treated_lag_26,treated_lag,,0.0038680239257734847,0.0038680239257734847,0.0006577984321081969,423
SCM,0.01,True,False,netconsumption_231__donor_lag_3,donor_lag,netconsumption_231,-0.003820228153191404,0.003820228153191404,0.0006496702548090853,424
SCM,0.01,True,False,netconsumption_19,current_donor,netconsumption_19,0.0038058117002941066,0.0038058117002941066,0.0006472185843193512,425
SCM,0.01,True,False,treated__treated_lag_144,treated_lag,,0.003789505090543911,0.003789505090543911,0.0006444454726394555,426
SCM,0.01,True,False,netconsumption_122__donor_lag_3,donor_lag,netconsumption_122,0.0037494817167658817,0.0037494817167658817,0.000637639074069001,427
SCM,0.01,True,False,netconsumption_286__donor_lag_11,donor_lag,netconsumption_286,-0.0037208313518814,0.0037208313518814,0.0006327667761044606,428
SCM,0.01,True,False,netconsumption_138,current_donor,netconsumption_138,-0.003720635162029501,0.003720635162029501,0.0006327334119424359,429
SCM,0.01,True,False,netconsumption_132__donor_lag_13,donor_lag,netconsumption_132,0.0037191121406406572,0.0037191121406406572,0.000632474406026011,430
SCM,0.01,True,False,netconsumption_162,current_donor,netconsumption_162,0.0036796301852251518,0.0036796301852251518,0.0006257600813818862,431
SCM,0.01,True,False,treated__treated_lag_129,treated_lag,,-0.0036550765463833484,0.0036550765463833484,0.0006215844750664575,432
SCM,0.01,True,False,netconsumption_142__donor_lag_3,donor_lag,netconsumption_142,0.003648334537247281,0.003648334537247281,0.0006204379250129758,433
SCM,0.01,True,False,treated__treated_lag_15,treated_lag,,0.0036282263025424998,0.0036282263025424998,0.0006170183067492072,434
SCM,0.01,True,False,netconsumption_279,current_donor,netconsumption_279,0.003622610946136723,0.003622610946136723,0.0006160633559241008,435
SCM,0.01,True,False,netconsumption_64__donor_lag_6,donor_lag,netconsumption_64,0.0036199456638105858,0.0036199456638105858,0.0006156100964384041,436
SCM,0.01,True,False,netconsumption_160,current_donor,netconsumption_160,-0.003584510168776891,0.003584510168776891,0.0006095839152354321,437
SCM,0.01,True,False,netconsumption_85__donor_lag_11,donor_lag,netconsumption_85,0.0035770167099040875,0.0035770167099040875,0.0006083095731961409,438
SCM,0.01,True,False,treated__treated_lag_336,treated_lag,,0.003550309504698146,0.003550309504698146,0.0006037677301135784,439
SCM,0.01,True,False,netconsumption_86,current_donor,netconsumption_86,-0.0035442834061746777,0.0035442834061746777,0.0006027429282414767,440
SCM,0.01,True,False,netconsumption_221__donor_lag_1,donor_lag,netconsumption_221,-0.0035435596075709223,0.0035435596075709223,0.0006026198386236643,441
SCM,0.01,True,False,netconsumption_177__donor_lag_3,donor_lag,netconsumption_177,-0.003533027146919547,0.003533027146919547,0.0006008286821479891,442
SCM,0.01,True,False,netconsumption_270__donor_lag_3,donor_lag,netconsumption_270,0.0035264940606653597,0.0035264940606653597,0.0005997176616431268,443
SCM,0.01,True,False,netconsumption_6__donor_lag_6,donor_lag,netconsumption_6,0.003525662003579025,0.003525662003579025,0.0005995761615238622,444
SCM,0.01,True,False,netconsumption_208,current_donor,netconsumption_208,0.0035096915248976485,0.0035096915248976485,0.0005968602124919477,445
SCM,0.01,True,False,treated__treated_lag_49,treated_lag,,0.0034881504598193473,0.0034881504598193473,0.0005931969262490598,446
SCM,0.01,True,False,netconsumption_195,current_donor,netconsumption_195,0.0034759222335735748,0.0034759222335735748,0.0005911173868753925,447
SCM,0.01,True,False,netconsumption_220,current_donor,netconsumption_220,0.003459595770569257,0.003459595770569257,0.0005883408989393812,448
SCM,0.01,True,False,netconsumption_281__donor_lag_23,donor_lag,netconsumption_281,0.003395441298049773,0.003395441298049773,0.0005774307514723885,449
SCM,0.01,True,False,netconsumption_66__donor_lag_3,donor_lag,netconsumption_66,-0.003387042529387846,0.003387042529387846,0.0005760024519159553,450
SCM,0.01,True,False,netconsumption_123__donor_lag_3,donor_lag,netconsumption_123,-0.0033644975526451078,0.0033644975526451078,0.0005721684398628051,451
SCM,0.01,True,False,netconsumption_253,current_donor,netconsumption_253,-0.0033586181611428567,0.0033586181611428567,0.0005711685870733326,452
SCM,0.01,True,False,netconsumption_143__donor_lag_3,donor_lag,netconsumption_143,0.0033485782205513077,0.0033485782205513077,0.0005694611888497655,453
SCM,0.01,True,False,netconsumption_53__donor_lag_6,donor_lag,netconsumption_53,-0.0033422309224109686,0.0033422309224109686,0.0005683817635812149,454
SCM,0.01,True,False,netconsumption_271__donor_lag_6,donor_lag,netconsumption_271,-0.0033406455241114658,0.0033406455241114658,0.0005681121498105423,455
SCM,0.01,True,False,netconsumption_191,current_donor,netconsumption_191,-0.0033281748254628193,0.0033281748254628193,0.0005659913754369109,456
SCM,0.01,True,False,netconsumption_276__donor_lag_3,donor_lag,netconsumption_276,-0.003310901991743005,0.003310901991743005,0.0005630539471383805,457
SCM,0.01,True,False,treated__treated_lag_17,treated_lag,,0.003291970305468359,0.003291970305468359,0.0005598344133951563,458
SCM,0.01,True,False,netconsumption_41__donor_lag_14,donor_lag,netconsumption_41,0.0032864900281824178,0.0032864900281824178,0.0005589024342049062,459
SCM,0.01,True,False,netconsumption_90__donor_lag_14,donor_lag,netconsumption_90,-0.0032798148073662717,0.0032798148073662717,0.0005577672422125354,460
SCM,0.01,True,False,netconsumption_52__donor_lag_6,donor_lag,netconsumption_52,-0.003279324311934711,0.003279324311934711,0.0005576838282699051,461
SCM,0.01,True,False,treated__treated_lag_21,treated_lag,,0.0032775224013394336,0.0032775224013394336,0.0005573773942904061,462
SCM,0.01,True,False,netconsumption_199__donor_lag_9,donor_lag,netconsumption_199,-0.003256413506573283,0.003256413506573283,0.0005537876031859122,463
SCM,0.01,True,False,netconsumption_5,current_donor,netconsumption_5,-0.003249489374611182,0.003249489374611182,0.0005526100812171282,464
SCM,0.01,True,False,treated__treated_lag_10,treated_lag,,0.0032300476426897953,0.0032300476426897953,0.0005493038088101397,465
SCM,0.01,True,False,netconsumption_297,current_donor,netconsumption_297,-0.0032257125232619524,0.0032257125232619524,0.0005485665758412236,466
SCM,0.01,True,False,netconsumption_100__donor_lag_14,donor_lag,netconsumption_100,-0.0032211252717862203,0.0032211252717862203,0.00054778646514741,467
SCM,0.01,True,False,netconsumption_78__donor_lag_3,donor_lag,netconsumption_78,-0.0032170480760113154,0.0032170480760113154,0.0005470930948271646,468
SCM,0.01,True,False,netconsumption_291__donor_lag_24,donor_lag,netconsumption_291,0.003195366336441903,0.003195366336441903,0.0005434058853972783,469
SCM,0.01,True,False,treated__treated_lag_192,treated_lag,,0.003174481726518741,0.003174481726518741,0.0005398542363055783,470
SCM,0.01,True,False,treated__treated_lag_46,treated_lag,,0.003153559937842318,0.003153559937842318,0.0005362962645731521,471
SCM,0.01,True,False,netconsumption_42__donor_lag_3,donor_lag,netconsumption_42,0.003131725834740494,0.003131725834740494,0.0005325831441110039,472
SCM,0.01,True,False,netconsumption_90,current_donor,netconsumption_90,-0.003131337173817462,0.003131337173817462,0.0005325170482050069,473
SCM,0.01,True,False,netconsumption_220__donor_lag_3,donor_lag,netconsumption_220,-0.003130567542682438,0.003130567542682438,0.0005323861642798721,474
SCM,0.01,True,False,treated__treated_lag_45,treated_lag,,0.003111991964114883,0.003111991964114883,0.0005292271904235259,475
SCM,0.01,True,False,treated__treated_lag_16,treated_lag,,0.0030690405767763115,0.0030690405767763115,0.0005219228521385618,476
SCM,0.01,True,False,netconsumption_38,current_donor,netconsumption_38,-0.0030027631036610436,0.0030027631036610436,0.0005106516659370446,477
SCM,0.01,True,False,netconsumption_195__donor_lag_14,donor_lag,netconsumption_195,0.0029873170215932374,0.0029873170215932374,0.0005080248961027847,478
SCM,0.01,True,False,netconsumption_35__donor_lag_24,donor_lag,netconsumption_35,-0.0029781721281261844,0.0029781721281261844,0.000506469710121555,479
SCM,0.01,True,False,netconsumption_14,current_donor,netconsumption_14,0.002975387280153445,0.002975387280153445,0.0005059961172314176,480
SCM,0.01,True,False,treated__treated_lag_50,treated_lag,,0.002966341671441772,0.002966341671441772,0.0005044578156742955,481
SCM,0.01,True,False,netconsumption_48__donor_lag_3,donor_lag,netconsumption_48,0.0029396812504298986,0.0029396812504298986,0.000499923928739393,482
SCM,0.01,True,False,netconsumption_273__donor_lag_3,donor_lag,netconsumption_273,-0.002935317500436611,0.002935317500436611,0.0004991818268396168,483
SCM,0.01,True,False,treated__treated_lag_12,treated_lag,,0.0029353015961002555,0.0029353015961002555,0.0004991791221387878,484
SCM,0.01,True,False,treated__treated_lag_288,treated_lag,,0.002933721068375292,0.002933721068375292,0.0004989103366608963,485
SCM,0.01,True,False,netconsumption_266__donor_lag_13,donor_lag,netconsumption_266,-0.0028443969008526415,0.0028443969008526415,0.00048371981600401606,486
SCM,0.01,True,False,netconsumption_278,current_donor,netconsumption_278,0.0028417073006820996,0.0028417073006820996,0.000483262421011345,487
SCM,0.01,True,False,netconsumption_192__donor_lag_1,donor_lag,netconsumption_192,0.002830220413259338,0.002830220413259338,0.0004813089541555305,488
SCM,0.01,True,False,netconsumption_108__donor_lag_14,donor_lag,netconsumption_108,-0.002793737959690415,0.002793737959690415,0.0004751047265660389,489
SCM,0.01,True,False,netconsumption_102__donor_lag_3,donor_lag,netconsumption_102,-0.002781362824554567,0.002781362824554567,0.00047300020377980505,490
SCM,0.01,True,False,netconsumption_240,current_donor,netconsumption_240,0.0027751585577299887,0.0027751585577299887,0.000471945102501244,491
SCM,0.01,True,False,treated__treated_lag_25,treated_lag,,0.002773185352721296,0.002773185352721296,0.0004716095380926845,492
SCM,0.01,True,False,treated__treated_lag_32,treated_lag,,0.0027626349045103173,0.0027626349045103173,0.00046981532264200507,493
SCM,0.01,True,False,netconsumption_101__donor_lag_3,donor_lag,netconsumption_101,-0.0027620475180474852,0.0027620475180474852,0.00046971543135340216,494
SCM,0.01,True,False,netconsumption_19__donor_lag_3,donor_lag,netconsumption_19,-0.002755363467075018,0.002755363467075018,0.00046857873769943484,495
SCM,0.01,True,False,netconsumption_143,current_donor,netconsumption_143,0.002740131938391798,0.002740131938391798,0.0004659884549404084,496
SCM,0.01,True,False,netconsumption_27,current_donor,netconsumption_27,0.0027361090350773443,0.0027361090350773443,0.00046530431762803606,497
SCM,0.01,True,False,netconsumption_200__donor_lag_13,donor_lag,netconsumption_200,0.0027336270539492467,0.0027336270539492467,0.0004648822304522805,498
SCM,0.01,True,False,treated__treated_lag_52,treated_lag,,0.0027225843450421204,0.0027225843450421204,0.0004630043008570331,499
SCM,0.01,True,False,netconsumption_84__donor_lag_18,donor_lag,netconsumption_84,0.002721602544801925,0.002721602544801925,0.0004628373353286296,500
SCM,0.01,True,False,treated__treated_lag_123,treated_lag,,-0.0026995274273515727,0.0026995274273515727,0.00045908322782410013,501
SCM,0.01,True,False,netconsumption_134,current_donor,netconsumption_134,-0.002694469468001986,0.002694469468001986,0.00045822306827140037,502
SCM,0.01,True,False,treated__treated_lag_88,treated_lag,,0.0026762254585306023,0.0026762254585306023,0.00045512048125127396,503
SCM,0.01,True,False,treated__treated_lag_89,treated_lag,,0.002672984845826804,0.002672984845826804,0.0004545693807419352,504
SCM,0.01,True,False,netconsumption_259__donor_lag_3,donor_lag,netconsumption_259,0.0026600778221874313,0.0026600778221874313,0.00045237440468281863,505
SCM,0.01,True,False,netconsumption_125__donor_lag_3,donor_lag,netconsumption_125,-0.0026328813536786386,0.0026328813536786386,0.0004477493571941616,506
SCM,0.01,True,False,treated__treated_lag_142,treated_lag,,0.0026325879445215482,0.0026325879445215482,0.0004476994598597077,507
SCM,0.01,True,False,treated__treated_lag_19,treated_lag,,0.002626032275013926,0.002626032275013926,0.00044658459883343545,508
SCM,0.01,True,False,netconsumption_215,current_donor,netconsumption_215,0.002617893251163441,0.002617893251163441,0.0004452004716329633,509
SCM,0.01,True,False,netconsumption_127__donor_lag_13,donor_lag,netconsumption_127,0.0025931761367372205,0.0025931761367372205,0.00044099706456314904,510
SCM,0.01,True,False,netconsumption_274__donor_lag_6,donor_lag,netconsumption_274,-0.00258459312321147,0.00258459312321147,0.00043953743221641456,511
SCM,0.01,True,False,netconsumption_51,current_donor,netconsumption_51,-0.002581068026431925,0.002581068026431925,0.00043893795217722354,512
SCM,0.01,True,False,netconsumption_12__donor_lag_14,donor_lag,netconsumption_12,-0.0025599158250731585,0.0025599158250731585,0.00043534079632802565,513
SCM,0.01,True,False,netconsumption_152__donor_lag_3,donor_lag,netconsumption_152,-0.0025581423228907274,0.0025581423228907274,0.0004350391934999846,514
SCM,0.01,True,False,treated__treated_lag_320,treated_lag,,-0.002547858526341392,0.002547858526341392,0.00043329032498828847,515
SCM,0.01,True,False,netconsumption_56__donor_lag_23,donor_lag,netconsumption_56,-0.0025064643622536124,0.0025064643622536124,0.0004262508090085816,516
SCM,0.01,True,False,treated__treated_lag_244,treated_lag,,0.002490034760692003,0.002490034760692003,0.0004234567812686348,517
SCM,0.01,True,False,treated__treated_lag_206,treated_lag,,-0.0024778338826005504,0.0024778338826005504,0.00042138189273823465,518
SCM,0.01,True,False,netconsumption_2,current_donor,netconsumption_2,-0.002476638584407286,0.002476638584407286,0.0004211786196219047,519
SCM,0.01,True,False,treated__treated_lag_92,treated_lag,,0.002475248507852615,0.002475248507852615,0.00042094222238245636,520
SCM,0.01,True,False,netconsumption_178__donor_lag_3,donor_lag,netconsumption_178,-0.002442705452715365,0.002442705452715365,0.0004154079312156785,521
SCM,0.01,True,False,treated__treated_lag_147,treated_lag,,0.0024420332835271086,0.0024420332835271086,0.0004152936217267427,522
SCM,0.01,True,False,treated__treated_lag_231,treated_lag,,-0.002426635402397271,0.002426635402397271,0.00041267504897244664,523
SCM,0.01,True,False,treated__treated_lag_193,treated_lag,,0.002425553070041696,0.002425553070041696,0.00041249098689315775,524
SCM,0.01,True,False,netconsumption_293__donor_lag_7,donor_lag,netconsumption_293,0.002424803715381174,0.002424803715381174,0.00041236355119724595,525
SCM,0.01,True,False,treated__treated_lag_240,treated_lag,,0.002392162442697736,0.002392162442697736,0.0004068125570965856,526
SCM,0.01,True,False,netconsumption_20,current_donor,netconsumption_20,0.0023889606266113243,0.0023889606266113243,0.0004062680543629012,527
SCM,0.01,True,False,netconsumption_182,current_donor,netconsumption_182,0.00238610888196435,0.00238610888196435,0.0004057830849848544,528
SCM,0.01,True,False,netconsumption_184__donor_lag_13,donor_lag,netconsumption_184,-0.0023851213978554435,0.0023851213978554435,0.0004056151528543827,529
SCM,0.01,True,False,treated__treated_lag_20,treated_lag,,0.0023712313352685296,0.0023712313352685296,0.0004032530006115603,530
SCM,0.01,True,False,netconsumption_18,current_donor,netconsumption_18,-0.0023698940676823207,0.0023698940676823207,0.0004030255840964617,531
SCM,0.01,True,False,netconsumption_118,current_donor,netconsumption_118,0.00236331878360457,0.00236331878360457,0.0004019073874048149,532
SCM,0.01,True,False,netconsumption_5__donor_lag_6,donor_lag,netconsumption_5,0.002334348094314098,0.002334348094314098,0.0003969806148827046,533
SCM,0.01,True,False,netconsumption_216,current_donor,netconsumption_216,-0.002331495407758205,0.002331495407758205,0.00039649548532307103,534
SCM,0.01,True,False,treated__treated_lag_30,treated_lag,,0.0023313919262838746,0.0023313919262838746,0.0003964778872024614,535
SCM,0.01,True,False,netconsumption_72,current_donor,netconsumption_72,0.0023131267292293596,0.0023131267292293596,0.0003933716970094406,536
SCM,0.01,True,False,treated__treated_lag_312,treated_lag,,-0.0023084568896792595,0.0023084568896792595,0.0003925775413389484,537
SCM,0.01,True,False,netconsumption_49,current_donor,netconsumption_49,-0.002304425035146083,0.002304425035146083,0.00039189188177703616,538
SCM,0.01,True,False,treated__treated_lag_126,treated_lag,,-0.002295810290554248,0.002295810290554248,0.00039042685322647247,539
SCM,0.01,True,False,netconsumption_264__donor_lag_6,donor_lag,netconsumption_264,-0.0022927345710458975,0.0022927345710458975,0.0003899037945512878,540
SCM,0.01,True,False,treated__treated_lag_124,treated_lag,,-0.00229246818837052,0.00229246818837052,0.00038985849335626766,541
SCM,0.01,True,False,treated__treated_lag_204,treated_lag,,-0.0022801111646504613,0.0022801111646504613,0.0003877570506080941,542
SCM,0.01,True,False,treated__treated_lag_140,treated_lag,,0.0022677488648354394,0.0022677488648354394,0.0003856547106040967,543
SCM,0.01,True,False,treated__treated_lag_99,treated_lag,,0.002262359698429679,0.002262359698429679,0.0003847382257839128,544
SCM,0.01,True,False,netconsumption_18__donor_lag_11,donor_lag,netconsumption_18,-0.0022550848211679367,0.0022550848211679367,0.0003835010558624272,545
SCM,0.01,True,False,netconsumption_182__donor_lag_24,donor_lag,netconsumption_182,0.002234753128508198,0.002234753128508198,0.00038004343620693157,546
SCM,0.01,True,False,treated__treated_lag_111,treated_lag,,0.0021969259167190173,0.0021969259167190173,0.0003736105182406933,547
SCM,0.01,True,False,treated__treated_lag_318,treated_lag,,-0.0021959531811066675,0.0021959531811066675,0.0003734450942482521,548
SCM,0.01,True,False,netconsumption_112,current_donor,netconsumption_112,0.002175293220973762,0.002175293220973762,0.00036993164923249366,549
SCM,0.01,True,False,treated__treated_lag_316,treated_lag,,-0.0021589610254659775,0.0021589610254659775,0.00036715418642355906,550
SCM,0.01,True,False,treated__treated_lag_54,treated_lag,,0.002140174294664426,0.002140174294664426,0.0003639593038936564,551
SCM,0.01,True,False,treated__treated_lag_276,treated_lag,,0.0021241110359942915,0.0021241110359942915,0.0003612275766420857,552
SCM,0.01,True,False,netconsumption_295__donor_lag_13,donor_lag,netconsumption_295,-0.0021121206341335394,0.0021121206341335394,0.0003591884818237224,553
SCM,0.01,True,False,treated__treated_lag_41,treated_lag,,0.0020972818858295077,0.0020972818858295077,0.0003566649955278386,554
SCM,0.01,True,False,treated__treated_lag_36,treated_lag,,0.0020951201553469053,0.0020951201553469053,0.00035629737036589956,555
SCM,0.01,True,False,treated__treated_lag_302,treated_lag,,-0.002092304275286892,0.002092304275286892,0.00035581850014068217,556
SCM,0.01,True,False,treated__treated_lag_98,treated_lag,,0.0020909061981857317,0.0020909061981857317,0.00035558074232357515,557
SCM,0.01,True,False,treated__treated_lag_255,treated_lag,,0.002088999414031189,0.002088999414031189,0.0003552564734846806,558
SCM,0.01,True,False,netconsumption_229,current_donor,netconsumption_229,-0.002088530616646988,0.002088530616646988,0.0003551767495247927,559
SCM,0.01,True,False,treated__treated_lag_97,treated_lag,,0.002085756760142058,0.002085756760142058,0.0003547050258501592,560
SCM,0.01,True,False,netconsumption_210__donor_lag_3,donor_lag,netconsumption_210,-0.002067653161604212,0.002067653161604212,0.00035162631719627463,561
SCM,0.01,True,False,netconsumption_175__donor_lag_24,donor_lag,netconsumption_175,0.002036769657641692,0.002036769657641692,0.00034637425028190294,562
SCM,0.01,True,False,treated__treated_lag_95,treated_lag,,0.0020260960494377714,0.0020260960494377714,0.0003445590901701226,563
SCM,0.01,True,False,netconsumption_262,current_donor,netconsumption_262,-0.0020210824464594324,0.0020210824464594324,0.0003437064738881008,564
SCM,0.01,True,False,netconsumption_258__donor_lag_3,donor_lag,netconsumption_258,-0.0019954813715033037,0.0019954813715033037,0.00033935273996876927,565
SCM,0.01,True,False,treated__treated_lag_307,treated_lag,,-0.0019814078172059567,0.0019814078172059567,0.0003369593830173556,566
SCM,0.01,True,False,netconsumption_118__donor_lag_3,donor_lag,netconsumption_118,-0.0019694871874425717,0.0019694871874425717,0.000334932153683057,567
SCM,0.01,True,False,treated__treated_lag_40,treated_lag,,0.0019684514559324454,0.0019684514559324454,0.00033475601657105347,568
SCM,0.01,True,False,treated__treated_lag_28,treated_lag,,0.0019492643507001165,0.0019492643507001165,0.0003314930461291121,569
SCM,0.01,True,False,netconsumption_124__donor_lag_23,donor_lag,netconsumption_124,-0.0019359978526682815,0.0019359978526682815,0.000329236937642616,570
SCM,0.01,True,False,treated__treated_lag_122,treated_lag,,-0.001931242654827409,0.001931242654827409,0.00032842826589080804,571
SCM,0.01,True,False,netconsumption_280,current_donor,netconsumption_280,-0.001913972582846403,0.001913972582846403,0.0003254913072552097,572
SCM,0.01,True,False,treated__treated_lag_145,treated_lag,,0.0019069632008516134,0.0019069632008516134,0.0003242992876155437,573
SCM,0.01,True,False,treated__treated_lag_31,treated_lag,,0.0018911402041680353,0.0018911402041680353,0.0003216084194592332,574
SCM,0.01,True,False,netconsumption_267__donor_lag_11,donor_lag,netconsumption_267,0.0018660340467501549,0.0018660340467501549,0.0003173388515086056,575
SCM,0.01,True,False,netconsumption_299,current_donor,netconsumption_299,-0.0018639000106248221,0.0018639000106248221,0.00031697593606541186,576
SCM,0.01,True,False,treated__treated_lag_9,treated_lag,,0.0018506868692190065,0.0018506868692190065,0.000314728901438233,577
SCM,0.01,True,False,netconsumption_62,current_donor,netconsumption_62,0.0018447518466067972,0.0018447518466067972,0.00031371958798936196,578
SCM,0.01,True,False,netconsumption_140,current_donor,netconsumption_140,0.0018423381002954653,0.0018423381002954653,0.00031330910486682454,579
SCM,0.01,True,False,treated__treated_lag_18,treated_lag,,-0.0018403036019638587,0.0018403036019638587,0.0003129631168795889,580
SCM,0.01,True,False,treated__treated_lag_112,treated_lag,,0.0018369262466050467,0.0018369262466050467,0.0003123887618336194,581
SCM,0.01,True,False,treated__treated_lag_23,treated_lag,,0.0018113091454134865,0.0018113091454134865,0.0003080323024832301,582
SCM,0.01,True,False,treated__treated_lag_43,treated_lag,,0.0017976861936241434,0.0017976861936241434,0.00030571557526031787,583
SCM,0.01,True,False,netconsumption_238,current_donor,netconsumption_238,0.0017910342523999485,0.0017910342523999485,0.0003045843422090962,584
SCM,0.01,True,False,treated__treated_lag_321,treated_lag,,-0.0017886358109006264,0.0017886358109006264,0.00030417646183192353,585
SCM,0.01,True,False,treated__treated_lag_94,treated_lag,,0.0017789998967637222,0.0017789998967637222,0.00030253777258572984,586
SCM,0.01,True,False,netconsumption_196__donor_lag_11,donor_lag,netconsumption_196,-0.0017743940343543634,0.0017743940343543634,0.0003017544969055577,587
SCM,0.01,True,False,treated__treated_lag_306,treated_lag,,-0.0017698862102802837,0.0017698862102802837,0.0003009878936825551,588
SCM,0.01,True,False,netconsumption_44,current_donor,netconsumption_44,0.0017672892085249872,0.0017672892085249872,0.0003005462460310415,589
SCM,0.01,True,False,netconsumption_173,current_donor,netconsumption_173,0.0017493092417655356,0.0017493092417655356,0.00029748856227037045,590
SCM,0.01,True,False,treated__treated_lag_194,treated_lag,,0.0017418432992395193,0.0017418432992395193,0.00029621889967725674,591
SCM,0.01,True,False,treated__treated_lag_184,treated_lag,,0.0017372467935989656,0.0017372467935989656,0.00029543721521471086,592
SCM,0.01,True,False,netconsumption_105__donor_lag_6,donor_lag,netconsumption_105,-0.0017371700868610371,0.0017371700868610371,0.00029542417042157884,593
SCM,0.01,True,False,treated__treated_lag_159,treated_lag,,0.0017058841638720014,0.0017058841638720014,0.00029010366789001033,594
SCM,0.01,True,False,netconsumption_119,current_donor,netconsumption_119,-0.00169061656228584,0.00169061656228584,0.0002875072505518158,595
SCM,0.01,True,False,treated__treated_lag_143,treated_lag,,0.0016865726705151372,0.0016865726705151372,0.00028681954393018427,596
SCM,0.01,True,False,treated__treated_lag_113,treated_lag,,0.0016863565625387378,0.0016863565625387378,0.0002867827924801494,597
SCM,0.01,True,False,treated__treated_lag_116,treated_lag,,0.0016694269556010934,0.0016694269556010934,0.0002839037335308014,598
SCM,0.01,True,False,treated__treated_lag_286,treated_lag,,0.0016541614815886382,0.0016541614815886382,0.0002813076780090472,599
SCM,0.01,True,False,netconsumption_141__donor_lag_24,donor_lag,netconsumption_141,-0.001652110362404073,0.001652110362404073,0.00028095886346974616,600
SCM,0.01,True,False,netconsumption_165,current_donor,netconsumption_165,-0.001649320645957339,0.001649320645957339,0.0002804844426440474,601
SCM,0.01,True,False,treated__treated_lag_13,treated_lag,,0.001645800448143677,0.001645800448143677,0.00027988579572588634,602
SCM,0.01,True,False,treated__treated_lag_275,treated_lag,,0.0016444493850870353,0.0016444493850870353,0.0002796560331449425,603
SCM,0.01,True,False,treated__treated_lag_57,treated_lag,,0.001613006982174904,0.001613006982174904,0.0002743089195452824,604
SCM,0.01,True,False,netconsumption_284,current_donor,netconsumption_284,-0.0016121473054920774,0.0016121473054920774,0.00027416272242113446,605
SCM,0.01,True,False,netconsumption_139,current_donor,netconsumption_139,-0.0016120946953847187,0.0016120946953847187,0.00027415377551522134,606
SCM,0.01,True,False,treated__treated_lag_63,treated_lag,,0.0016087741358194164,0.0016087741358194164,0.0002735890791954226,607
SCM,0.01,True,False,netconsumption_32,current_donor,netconsumption_32,0.0016027896398748825,0.0016027896398748825,0.00027257135228245244,608
SCM,0.01,True,False,treated__treated_lag_141,treated_lag,,0.001578090401936575,0.001578090401936575,0.0002683709852987252,609
SCM,0.01,True,False,treated__treated_lag_128,treated_lag,,-0.0015757025607922078,0.0015757025607922078,0.00026796490762417356,610
SCM,0.01,True,False,treated__treated_lag_213,treated_lag,,0.0015755863787755217,0.0015755863787755217,0.00026794514964183377,611
SCM,0.01,True,False,treated__treated_lag_137,treated_lag,,0.0015673381359192547,0.0015673381359192547,0.00026654244859276643,612
SCM,0.01,True,False,treated__treated_lag_225,treated_lag,,-0.0015647773607646328,0.0015647773607646328,0.0002661069616583481,613
SCM,0.01,True,False,treated__treated_lag_138,treated_lag,,0.0015604364444413536,0.0015604364444413536,0.0002653687428659721,614
SCM,0.01,True,False,treated__treated_lag_291,treated_lag,,0.0015500241511905676,0.0015500241511905676,0.0002635980221293758,615
SCM,0.01,True,False,netconsumption_239__donor_lag_18,donor_lag,netconsumption_239,0.0015417291231811067,0.0015417291231811067,0.00026218736476953905,616
SCM,0.01,True,False,treated__treated_lag_294,treated_lag,,0.0015392224523477181,0.0015392224523477181,0.0002617610788479274,617
SCM,0.01,True,False,treated__treated_lag_315,treated_lag,,-0.0015391458506687494,0.0015391458506687494,0.00026174805192118406,618
SCM,0.01,True,False,treated__treated_lag_27,treated_lag,,0.0015254813555473506,0.0015254813555473506,0.0002594242598146994,619
SCM,0.01,True,False,netconsumption_114__donor_lag_3,donor_lag,netconsumption_114,-0.0015129368253915497,0.0015129368253915497,0.0002572909296113786,620
SCM,0.01,True,False,treated__treated_lag_117,treated_lag,,0.0015026019184494997,0.0015026019184494997,0.00025553336923612703,621
SCM,0.01,True,False,treated__treated_lag_114,treated_lag,,0.0014982998203041345,0.0014982998203041345,0.00025480175188600146,622
SCM,0.01,True,False,treated__treated_lag_267,treated_lag,,0.001490536750970376,0.001490536750970376,0.0002534815597325694,623
SCM,0.01,True,False,netconsumption_77__donor_lag_24,donor_lag,netconsumption_77,0.0014904106179244128,0.0014904106179244128,0.0002534601094723167,624
SCM,0.01,True,False,treated__treated_lag_188,treated_lag,,0.0014851418646903303,0.0014851418646903303,0.00025256410218718817,625
SCM,0.01,True,False,netconsumption_288__donor_lag_3,donor_lag,netconsumption_288,0.001482226805894285,0.001482226805894285,0.00025206836556757603,626
SCM,0.01,True,False,treated__treated_lag_100,treated_lag,,0.001474798044826947,0.001474798044826947,0.00025080502607527334,627
SCM,0.01,True,False,netconsumption_257__donor_lag_14,donor_lag,netconsumption_257,0.0014583748442452225,0.0014583748442452225,0.00024801208688974424,628
SCM,0.01,True,False,treated__treated_lag_102,treated_lag,,0.0014429515934980984,0.0014429515934980984,0.00024538919976335683,629
SCM,0.01,True,False,treated__treated_lag_119,treated_lag,,-0.001432192035116164,0.001432192035116164,0.0002435594229135671,630
SCM,0.01,True,False,netconsumption_227,current_donor,netconsumption_227,0.001419555705086905,0.001419555705086905,0.00024141048116957668,631
SCM,0.01,True,False,treated__treated_lag_224,treated_lag,,-0.0014178934541507178,0.0014178934541507178,0.00024112779779414343,632
SCM,0.01,True,False,treated__treated_lag_35,treated_lag,,0.0014103179151811862,0.0014103179151811862,0.0002398394971651508,633
SCM,0.01,True,False,treated__treated_lag_323,treated_lag,,-0.0013983400789709648,0.0013983400789709648,0.00023780253926873428,634
SCM,0.01,True,False,treated__treated_lag_196,treated_lag,,0.0013973095541637633,0.0013973095541637633,0.00023762728761170368,635
SCM,0.01,True,False,netconsumption_38__donor_lag_13,donor_lag,netconsumption_38,-0.001394862386230624,0.001394862386230624,0.00023721112078843292,636
SCM,0.01,True,False,netconsumption_116,current_donor,netconsumption_116,-0.0013894587713253062,0.0013894587713253062,0.0002362921788478854,637
SCM,0.01,True,False,treated__treated_lag_292,treated_lag,,0.001385949726493427,0.001385949726493427,0.00023569542861238992,638
SCM,0.01,True,False,treated__treated_lag_295,treated_lag,,0.0013827747029395065,0.0013827747029395065,0.00023515548223259654,639
SCM,0.01,True,False,netconsumption_213__donor_lag_3,donor_lag,netconsumption_213,0.001362364229458693,0.001362364229458693,0.00023168446506416465,640
SCM,0.01,True,False,treated__treated_lag_64,treated_lag,,0.0013543927532673108,0.0013543927532673108,0.00023032883111750275,641
SCM,0.01,True,False,treated__treated_lag_273,treated_lag,,0.001340379200446968,0.001340379200446968,0.00022794567805268723,642
SCM,0.01,True,False,treated__treated_lag_260,treated_lag,,0.001335672119805146,0.001335672119805146,0.00022714518914015338,643
SCM,0.01,True,False,treated__treated_lag_135,treated_lag,,0.0013328895786494516,0.0013328895786494516,0.00022667198854868433,644
SCM,0.01,True,False,netconsumption_85,current_donor,netconsumption_85,-0.0013236226675734826,0.0013236226675734826,0.00022509605218085552,645
SCM,0.01,True,False,netconsumption_2__donor_lag_14,donor_lag,netconsumption_2,0.001316576787275748,0.001316576787275748,0.00022389782561824575,646
SCM,0.01,True,False,netconsumption_79__donor_lag_14,donor_lag,netconsumption_79,-0.0013055895979601096,0.0013055895979601096,0.0002220293377175,647
SCM,0.01,True,False,treated__treated_lag_169,treated_lag,,0.001302975506859844,0.001302975506859844,0.00022158478384189315,648
SCM,0.01,True,False,netconsumption_140__donor_lag_1,donor_lag,netconsumption_140,-0.0013021744932766935,0.0013021744932766935,0.00022144856299910492,649
SCM,0.01,True,False,netconsumption_169__donor_lag_3,donor_lag,netconsumption_169,-0.0013002378268564957,0.0013002378268564957,0.0002211192123644736,650
SCM,0.01,True,False,netconsumption_283,current_donor,netconsumption_283,-0.0012894596446265671,0.0012894596446265671,0.00021928626833210034,651
SCM,0.01,True,False,treated__treated_lag_109,treated_lag,,0.0012886078873199686,0.0012886078873199686,0.00021914141798174859,652
SCM,0.01,True,False,treated__treated_lag_287,treated_lag,,0.0012876346108691011,0.0012876346108691011,0.00021897590201398984,653
SCM,0.01,True,False,treated__treated_lag_51,treated_lag,,0.001286207378139611,0.001286207378139611,0.0002187331859735185,654
SCM,0.01,True,False,netconsumption_58__donor_lag_14,donor_lag,netconsumption_58,-0.0012736584569539378,0.0012736584569539378,0.00021659910902906566,655
SCM,0.01,True,False,treated__treated_lag_239,treated_lag,,0.0012731578928283777,0.0012731578928283777,0.00021651398279839035,656
SCM,0.01,True,False,treated__treated_lag_90,treated_lag,,0.0012635817291978563,0.0012635817291978563,0.00021488545475858281,657
SCM,0.01,True,False,treated__treated_lag_55,treated_lag,,0.0012597533000993488,0.0012597533000993488,0.00021423438984617227,658
SCM,0.01,True,False,treated__treated_lag_108,treated_lag,,-0.0012567439687602455,0.0012567439687602455,0.0002137226211822387,659
SCM,0.01,True,False,netconsumption_17,current_donor,netconsumption_17,-0.0012501961724157365,0.0012501961724157365,0.000212609099070733,660
SCM,0.01,True,False,treated__treated_lag_107,treated_lag,,0.0012472122899558672,0.0012472122899558672,0.0002121016582582244,661
SCM,0.01,True,False,treated__treated_lag_152,treated_lag,,-0.0012331099813197323,0.0012331099813197323,0.0002097034113269828,662
SCM,0.01,True,False,treated__treated_lag_214,treated_lag,,0.0012313287710207232,0.0012313287710207232,0.00020940049765208642,663
SCM,0.01,True,False,netconsumption_131__donor_lag_13,donor_lag,netconsumption_131,0.001220899191564317,0.001220899191564317,0.0002076268372131583,664
SCM,0.01,True,False,treated__treated_lag_42,treated_lag,,0.00121907768231544,0.00121907768231544,0.00020731707027505896,665
SCM,0.01,True,False,treated__treated_lag_14,treated_lag,,-0.0012115593427719212,0.0012115593427719212,0.00020603849701421884,666
SCM,0.01,True,False,treated__treated_lag_228,treated_lag,,-0.001200251950484563,0.001200251950484563,0.0002041155552070869,667
SCM,0.01,True,False,treated__treated_lag_226,treated_lag,,-0.0011939681892231052,0.0011939681892231052,0.00020304693505766456,668
SCM,0.01,True,False,treated__treated_lag_133,treated_lag,,-0.001189142266887504,0.001189142266887504,0.00020222623585653448,669
SCM,0.01,True,False,netconsumption_277__donor_lag_14,donor_lag,netconsumption_277,-0.0011829473323470858,0.0011829473323470858,0.00020117272163172647,670
SCM,0.01,True,False,treated__treated_lag_181,treated_lag,,0.0011701596146414216,0.0011701596146414216,0.0001989980348101226,671
SCM,0.01,True,False,netconsumption_11,current_donor,netconsumption_11,-0.0011618323690999188,0.0011618323690999188,0.00019758189851776882,672
SCM,0.01,True,False,netconsumption_146,current_donor,netconsumption_146,0.0011569665037911153,0.0011569665037911153,0.00019675440659103766,673
SCM,0.01,True,False,treated__treated_lag_34,treated_lag,,0.0011541606447908277,0.0011541606447908277,0.0001962772405531526,674
SCM,0.01,True,False,treated__treated_lag_84,treated_lag,,0.0011539606440151466,0.0011539606440151466,0.00019624322830318002,675
SCM,0.01,True,False,treated__treated_lag_265,treated_lag,,0.0011439384653063652,0.0011439384653063652,0.00019453885067588126,676
SCM,0.01,True,False,treated__treated_lag_190,treated_lag,,0.0011434081411463414,0.0011434081411463414,0.00019444866343617772,677
SCM,0.01,True,False,treated__treated_lag_61,treated_lag,,0.0011380801284465738,0.0011380801284465738,0.00019354257845133398,678
SCM,0.01,True,False,treated__treated_lag_72,treated_lag,,0.0011295281870152534,0.0011295281870152534,0.00019208823024332005,679
SCM,0.01,True,False,treated__treated_lag_324,treated_lag,,-0.0011276511613561926,0.0011276511613561926,0.00019176902215173357,680
SCM,0.01,True,False,treated__treated_lag_179,treated_lag,,0.0011195871671327848,0.0011195871671327848,0.00019039765453393205,681
SCM,0.01,True,False,treated__treated_lag_165,treated_lag,,0.0011188187394876854,0.0011188187394876854,0.00019026697527500428,682
SCM,0.01,True,False,treated__treated_lag_59,treated_lag,,0.0011183939803094032,0.0011183939803094032,0.00019019474047841063,683
SCM,0.01,True,False,treated__treated_lag_168,treated_lag,,0.0011028395699745198,0.0011028395699745198,0.00018754954827510548,684
SCM,0.01,True,False,treated__treated_lag_266,treated_lag,,0.001099132815758656,0.001099132815758656,0.00018691917546506188,685
SCM,0.01,True,False,treated__treated_lag_326,treated_lag,,-0.0010966751560761365,0.0010966751560761365,0.00018650122440869824,686
SCM,0.01,True,False,netconsumption_191__donor_lag_3,donor_lag,netconsumption_191,0.0010869986430862497,0.0010869986430862497,0.0001848556308976009,687
SCM,0.01,True,False,treated__treated_lag_332,treated_lag,,0.001084757624098015,0.001084757624098015,0.00018447452188559015,688
SCM,0.01,True,False,treated__treated_lag_256,treated_lag,,0.0010764314971685304,0.0010764314971685304,0.00018305857582505652,689
SCM,0.01,True,False,netconsumption_87__donor_lag_3,donor_lag,netconsumption_87,-0.0010730714280877338,0.0010730714280877338,0.0001824871604937304,690
SCM,0.01,True,False,treated__treated_lag_251,treated_lag,,0.001063089622485594,0.001063089622485594,0.00018078964874077935,691
SCM,0.01,True,False,treated__treated_lag_253,treated_lag,,0.0010551186898314694,0.0010551186898314694,0.00017943410722838428,692
SCM,0.01,True,False,treated__treated_lag_164,treated_lag,,0.0010536165750925737,0.0010536165750925737,0.00017917865670919066,693
SCM,0.01,True,False,netconsumption_68__donor_lag_1,donor_lag,netconsumption_68,-0.0010523722974547407,0.0010523722974547407,0.00017896705411960478,694
SCM,0.01,True,False,treated__treated_lag_329,treated_lag,,0.001051141744694617,0.001051141744694617,0.0001787577855908239,695
SCM,0.01,True,False,netconsumption_280__donor_lag_17,donor_lag,netconsumption_280,0.0010505317689730176,0.0010505317689730176,0.0001786540527595406,696
SCM,0.01,True,False,treated__treated_lag_303,treated_lag,,0.001049790987712836,0.001049790987712836,0.00017852807506115159,697
SCM,0.01,True,False,treated__treated_lag_158,treated_lag,,-0.0010394413801298895,0.0010394413801298895,0.00017676801468623134,698
SCM,0.01,True,False,treated__treated_lag_60,treated_lag,,-0.0010389394182777874,0.0010389394182777874,0.0001766826507573552,699
SCM,0.01,True,False,netconsumption_192,current_donor,netconsumption_192,0.0010386224956849127,0.0010386224956849127,0.0001766287547141318,700
SCM,0.01,True,False,netconsumption_69,current_donor,netconsumption_69,-0.001027605858945845,0.001027605858945845,0.00017475525896717487,701
SCM,0.01,True,False,treated__treated_lag_284,treated_lag,,0.001023093191961373,0.001023093191961373,0.00017398783215597218,702
SCM,0.01,True,False,treated__treated_lag_319,treated_lag,,-0.0010188489692850129,0.0010188489692850129,0.00017326605714226942,703
SCM,0.01,True,False,treated__treated_lag_191,treated_lag,,0.0010047030771809795,0.0010047030771809795,0.0001708603983807497,704
SCM,0.01,True,False,treated__treated_lag_101,treated_lag,,0.001002672283654327,0.001002672283654327,0.00017051504043483153,705
SCM,0.01,True,False,treated__treated_lag_299,treated_lag,,-0.0009894147303175127,0.0009894147303175127,0.00016826045308845067,706
SCM,0.01,True,False,treated__treated_lag_236,treated_lag,,0.0009884853670149851,0.0009884853670149851,0.0001681024050166205,707
SCM,0.01,True,False,treated__treated_lag_83,treated_lag,,0.0009871627568061227,0.0009871627568061227,0.0001678774811437657,708
SCM,0.01,True,False,treated__treated_lag_176,treated_lag,,-0.0009862022412595612,0.0009862022412595612,0.00016771413530292594,709
SCM,0.01,True,False,treated__treated_lag_136,treated_lag,,0.000975440803933773,0.000975440803933773,0.00016588403891883532,710
SCM,0.01,True,False,treated__treated_lag_269,treated_lag,,0.000968410815640898,0.000968410815640898,0.00016468851495995304,711
SCM,0.01,True,False,treated__treated_lag_268,treated_lag,,0.000964853730882384,0.000964853730882384,0.0001640835950261761,712
SCM,0.01,True,False,treated__treated_lag_317,treated_lag,,-0.000964763566770898,0.000964763566770898,0.00016406826166415298,713
SCM,0.01,True,False,treated__treated_lag_290,treated_lag,,0.0009645351469190419,0.0009645351469190419,0.0001640294164493103,714
SCM,0.01,True,False,treated__treated_lag_130,treated_lag,,-0.0009638113299385467,0.0009638113299385467,0.00016390632370633876,715
SCM,0.01,True,False,treated__treated_lag_264,treated_lag,,0.0009592429993300605,0.0009592429993300605,0.000163129430706378,716
SCM,0.01,True,False,treated__treated_lag_235,treated_lag,,0.0009584736971441771,0.0009584736971441771,0.00016299860272252827,717
SCM,0.01,True,False,netconsumption_197__donor_lag_3,donor_lag,netconsumption_197,0.0009551168940044926,0.0009551168940044926,0.00016242774279907554,718
SCM,0.01,True,False,netconsumption_268,current_donor,netconsumption_268,0.0009521407502976077,0.0009521407502976077,0.00016192161804346765,719
SCM,0.01,True,False,treated__treated_lag_246,treated_lag,,0.0009521375748550573,0.0009521375748550573,0.00016192107802583307,720
SCM,0.01,True,False,netconsumption_147__donor_lag_13,donor_lag,netconsumption_147,-0.0009490732801819383,0.0009490732801819383,0.00016139996226487198,721
SCM,0.01,True,False,treated__treated_lag_285,treated_lag,,0.0009484293273439165,0.0009484293273439165,0.0001612904512651132,722
SCM,0.01,True,False,netconsumption_43__donor_lag_6,donor_lag,netconsumption_43,-0.0009484272914809452,0.0009484272914809452,0.00016129010504505455,723
SCM,0.01,True,False,netconsumption_86__donor_lag_3,donor_lag,netconsumption_86,-0.0009467619354400873,0.0009467619354400873,0.000161006893613688,724
SCM,0.01,True,False,treated__treated_lag_93,treated_lag,,0.0009382367255642739,0.0009382367255642739,0.0001595570913897832,725
SCM,0.01,True,False,netconsumption_247__donor_lag_4,donor_lag,netconsumption_247,0.0009310372342644993,0.0009310372342644993,0.0001583327416494901,726
SCM,0.01,True,False,treated__treated_lag_38,treated_lag,,0.000930473372053837,0.000930473372053837,0.0001582368509090975,727
SCM,0.01,True,False,netconsumption_16__donor_lag_14,donor_lag,netconsumption_16,-0.0009272738003248057,0.0009272738003248057,0.00015769272985215402,728
SCM,0.01,True,False,treated__treated_lag_33,treated_lag,,0.0009267968055702023,0.0009267968055702023,0.00015761161184261658,729
SCM,0.01,True,False,treated__treated_lag_183,treated_lag,,0.0009242482083746438,0.0009242482083746438,0.0001571781958991052,730
SCM,0.01,True,False,treated__treated_lag_220,treated_lag,,-0.000897569688572243,0.000897569688572243,0.00015264123107320188,731
SCM,0.01,True,False,treated__treated_lag_257,treated_lag,,0.000893918009444202,0.000893918009444202,0.0001520202243651042,732
SCM,0.01,True,False,treated__treated_lag_121,treated_lag,,-0.0008898518110467954,0.0008898518110467954,0.00015132872426536787,733
SCM,0.01,True,False,treated__treated_lag_82,treated_lag,,0.0008860079059055722,0.0008860079059055722,0.0001506750274879976,734
SCM,0.01,True,False,treated__treated_lag_148,treated_lag,,0.0008703525681129371,0.0008703525681129371,0.0001480126715016498,735
SCM,0.01,True,False,treated__treated_lag_241,treated_lag,,0.0008566142947268806,0.0008566142947268806,0.0001456763326199262,736
SCM,0.01,True,False,treated__treated_lag_180,treated_lag,,0.0008442998778324679,0.0008442998778324679,0.0001435821356136728,737
SCM,0.01,True,False,treated__treated_lag_8,treated_lag,,-0.0008417712061250769,0.0008417712061250769,0.0001431521082104412,738
SCM,0.01,True,False,netconsumption_93,current_donor,netconsumption_93,0.0008370956609828131,0.0008370956609828131,0.00014235698224357757,739
SCM,0.01,True,False,netconsumption_232__donor_lag_10,donor_lag,netconsumption_232,-0.000832517479917679,0.000832517479917679,0.00014157841406914456,740
SCM,0.01,True,False,treated__treated_lag_289,treated_lag,,0.0008323762339711716,0.0008323762339711716,0.00014155439370010415,741
SCM,0.01,True,False,treated__treated_lag_79,treated_lag,,0.0008306488234934512,0.0008306488234934512,0.0001412606292545741,742
SCM,0.01,True,False,treated__treated_lag_278,treated_lag,,0.000828772921442622,0.000828772921442622,0.00014094161224446677,743
SCM,0.01,True,False,treated__treated_lag_229,treated_lag,,-0.0008221854744887916,0.0008221854744887916,0.00013982134712693415,744
SCM,0.01,True,False,treated__treated_lag_234,treated_lag,,0.0008118041282608787,0.0008118041282608787,0.00013805588925931564,745
SCM,0.01,True,False,treated__treated_lag_217,treated_lag,,0.0008071969565688784,0.0008071969565688784,0.00013727239092176463,746
SCM,0.01,True,False,treated__treated_lag_270,treated_lag,,0.0008023351485542847,0.0008023351485542847,0.0001364455889808818,747
SCM,0.01,True,False,netconsumption_29__donor_lag_3,donor_lag,netconsumption_29,0.0008013335589171968,0.0008013335589171968,0.0001362752580559611,748
SCM,0.01,True,False,treated__treated_lag_197,treated_lag,,0.0008009077951074868,0.0008009077951074868,0.00013620285241115382,749
SCM,0.01,True,False,treated__treated_lag_211,treated_lag,,0.0007971534716314059,0.0007971534716314059,0.00013556438994463763,750
SCM,0.01,True,False,treated__treated_lag_200,treated_lag,,-0.0007946236692697121,0.0007946236692697121,0.00013513417026166785,751
SCM,0.01,True,False,treated__treated_lag_305,treated_lag,,-0.0007918477085611325,0.0007918477085611325,0.00013466208874491964,752
SCM,0.01,True,False,treated__treated_lag_91,treated_lag,,0.0007909622302640622,0.0007909622302640622,0.00013451150378302279,753
SCM,0.01,True,False,treated__treated_lag_29,treated_lag,,0.00079057032437547,0.00079057032437547,0.00013444485603626707,754
SCM,0.01,True,False,treated__treated_lag_187,treated_lag,,0.0007900924415683071,0.0007900924415683071,0.00013436358700398717,755
SCM,0.01,True,False,netconsumption_49__donor_lag_3,donor_lag,netconsumption_49,0.0007777890988538844,0.0007777890988538844,0.00013227127327931993,756
SCM,0.01,True,False,treated__treated_lag_170,treated_lag,,0.0007765213320996378,0.0007765213320996378,0.00013205567611673113,757
SCM,0.01,True,False,treated__treated_lag_300,treated_lag,,-0.0007763483508317183,0.0007763483508317183,0.00013202625882019806,758
SCM,0.01,True,False,treated__treated_lag_209,treated_lag,,0.0007694137270337995,0.0007694137270337995,0.00013084695260362158,759
SCM,0.01,True,False,treated__treated_lag_277,treated_lag,,0.0007679083126904069,0.0007679083126904069,0.00013059094095173947,760
SCM,0.01,True,False,netconsumption_293,current_donor,netconsumption_293,0.0007644831944151713,0.0007644831944151713,0.00013000846331600856,761
SCM,0.01,True,False,treated__treated_lag_171,treated_lag,,0.0007575316548418965,0.0007575316548418965,0.0001288262803926897,762
SCM,0.01,True,False,treated__treated_lag_274,treated_lag,,0.0007528655748246588,0.0007528655748246588,0.00012803276407057527,763
SCM,0.01,True,False,treated__treated_lag_263,treated_lag,,0.0007379266706490856,0.0007379266706490856,0.00012549224520805517,764
SCM,0.01,True,False,treated__treated_lag_74,treated_lag,,0.0007363814942034181,0.0007363814942034181,0.00012522947158958865,765
SCM,0.01,True,False,netconsumption_65,current_donor,netconsumption_65,-0.0007339865520963702,0.0007339865520963702,0.00012482218632113183,766
SCM,0.01,True,False,treated__treated_lag_322,treated_lag,,-0.0007261204063616616,0.0007261204063616616,0.0001234844649341083,767
SCM,0.01,True,False,treated__treated_lag_227,treated_lag,,0.0006985037579755919,0.0006985037579755919,0.00011878796140748975,768
SCM,0.01,True,False,treated__treated_lag_212,treated_lag,,0.000696519673743852,0.000696519673743852,0.00011845054687183688,769
SCM,0.01,True,False,netconsumption_66,current_donor,netconsumption_66,-0.0006886312697069671,0.0006886312697069671,0.0001171090402248062,770
SCM,0.01,True,False,treated__treated_lag_87,treated_lag,,0.0006871475388308193,0.0006871475388308193,0.00011685671607616346,771
SCM,0.01,True,False,treated__treated_lag_173,treated_lag,,-0.0006848684026328417,0.0006848684026328417,0.00011646912482896327,772
SCM,0.01,True,False,netconsumption_72__donor_lag_3,donor_lag,netconsumption_72,-0.0006719687620790372,0.0006719687620790372,0.00011427540434173669,773
SCM,0.01,True,False,treated__treated_lag_70,treated_lag,,-0.0006706367986973393,0.0006706367986973393,0.00011404888986278832,774
SCM,0.01,True,False,treated__treated_lag_157,treated_lag,,0.0006632788040992011,0.0006632788040992011,0.00011279758495801112,775
SCM,0.01,True,False,treated__treated_lag_203,treated_lag,,-0.0006586156703310567,0.0006586156703310567,0.00011200456967675668,776
SCM,0.01,True,False,netconsumption_262__donor_lag_11,donor_lag,netconsumption_262,-0.0006583879582306492,0.0006583879582306492,0.00011196584482254312,777
SCM,0.01,True,False,treated__treated_lag_252,treated_lag,,0.0006545501012408543,0.0006545501012408543,0.00011131317659737496,778
SCM,0.01,True,False,treated__treated_lag_69,treated_lag,,0.0006542356241703252,0.0006542356241703252,0.00011125969644112524,779
SCM,0.01,True,False,treated__treated_lag_331,treated_lag,,0.000651029212679885,0.000651029212679885,0.00011071441221031907,780
SCM,0.01,True,False,netconsumption_67__donor_lag_3,donor_lag,netconsumption_67,0.0006496495495151924,0.0006496495495151924,0.00011047978587811748,781
SCM,0.01,True,False,treated__treated_lag_314,treated_lag,,-0.000646555645864964,0.000646555645864964,0.000109953634797031,782
SCM,0.01,True,False,treated__treated_lag_310,treated_lag,,-0.0006421104964716335,0.0006421104964716335,0.00010919769006723341,783
SCM,0.01,True,False,netconsumption_211__donor_lag_3,donor_lag,netconsumption_211,-0.0006407423041022769,0.0006407423041022769,0.00010896501446525785,784
SCM,0.01,True,False,netconsumption_39__donor_lag_6,donor_lag,netconsumption_39,0.0006398839648012519,0.0006398839648012519,0.00010881904477704858,785
SCM,0.01,True,False,treated__treated_lag_208,treated_lag,,0.0006373216793826696,0.0006373216793826696,0.00010838330100624964,786
SCM,0.01,True,False,treated__treated_lag_245,treated_lag,,0.0006332845640082537,0.0006332845640082537,0.00010769674678257078,787
SCM,0.01,True,False,treated__treated_lag_58,treated_lag,,0.0006305235171765876,0.0006305235171765876,0.00010722720152853409,788
SCM,0.01,True,False,netconsumption_149,current_donor,netconsumption_149,-0.0006293820264706017,0.0006293820264706017,0.00010703307894525316,789
SCM,0.01,True,False,treated__treated_lag_81,treated_lag,,0.0006257277378376603,0.0006257277378376603,0.00010641162846321175,790
SCM,0.01,True,False,treated__treated_lag_195,treated_lag,,0.0006214063872972896,0.0006214063872972896,0.00010567673703942684,791
SCM,0.01,True,False,treated__treated_lag_221,treated_lag,,-0.0006213247049551877,0.0006213247049551877,0.00010566284609211197,792
SCM,0.01,True,False,treated__treated_lag_131,treated_lag,,-0.0006176013047866674,0.0006176013047866674,0.00010502964246153354,793
SCM,0.01,True,False,treated__treated_lag_207,treated_lag,,0.0006115078115062119,0.0006115078115062119,0.0001039933793972755,794
SCM,0.01,True,False,treated__treated_lag_327,treated_lag,,0.0006071884072449685,0.0006071884072449685,0.00010325881895886785,795
SCM,0.01,True,False,treated__treated_lag_150,treated_lag,,-0.0006008415035270551,0.0006008415035270551,0.00010217946076602776,796
SCM,0.01,True,False,treated__treated_lag_166,treated_lag,,0.0005964147345294078,0.0005964147345294078,0.00010142664181716997,797
SCM,0.01,True,False,treated__treated_lag_271,treated_lag,,-0.000594871342654341,0.000594871342654341,0.00010116417168383323,798
SCM,0.01,True,False,treated__treated_lag_155,treated_lag,,0.0005854295741107747,0.0005854295741107747,9.95584989518466e-05,799
SCM,0.01,True,False,treated__treated_lag_65,treated_lag,,0.0005693427470212435,0.0005693427470212435,9.682276364096088e-05,800
SCM,0.01,True,False,netconsumption_158__donor_lag_3,donor_lag,netconsumption_158,0.0005655872461512446,0.0005655872461512446,9.618410094613997e-05,801
SCM,0.01,True,False,netconsumption_166__donor_lag_15,donor_lag,netconsumption_166,0.0005641092436862762,0.0005641092436862762,9.593275097448387e-05,802
SCM,0.01,True,False,treated__treated_lag_237,treated_lag,,0.0005627993422589583,0.0005627993422589583,9.570998836452052e-05,803
SCM,0.01,True,False,treated__treated_lag_115,treated_lag,,0.0005549886238794869,0.0005549886238794869,9.438169298624736e-05,804
SCM,0.01,True,False,netconsumption_156,current_donor,netconsumption_156,-0.000553257315063109,0.000553257315063109,9.408726558694403e-05,805
SCM,0.01,True,False,netconsumption_215__donor_lag_6,donor_lag,netconsumption_215,-0.0005530083389264848,0.0005530083389264848,9.404492455817932e-05,806
SCM,0.01,True,False,treated__treated_lag_215,treated_lag,,0.0005528184098718509,0.0005528184098718509,9.401262511103334e-05,807
SCM,0.01,True,False,treated__treated_lag_254,treated_lag,,-0.0005501550186796625,0.0005501550186796625,9.355968723269228e-05,808
SCM,0.01,True,False,treated__treated_lag_153,treated_lag,,-0.0005430037179533273,0.0005430037179533273,9.234353280976512e-05,809
SCM,0.01,True,False,treated__treated_lag_216,treated_lag,,0.0005377673215193075,0.0005377673215193075,9.145302814115544e-05,810
SCM,0.01,True,False,treated__treated_lag_325,treated_lag,,-0.0005302802554334324,0.0005302802554334324,9.017977326298292e-05,811
SCM,0.01,True,False,netconsumption_299__donor_lag_14,donor_lag,netconsumption_299,0.0005302167380400666,0.0005302167380400666,9.016897145757288e-05,812
SCM,0.01,True,False,treated__treated_lag_125,treated_lag,,-0.0005275994526254182,0.0005275994526254182,8.972387435497646e-05,813
SCM,0.01,True,False,treated__treated_lag_280,treated_lag,,0.0005224535074863472,0.0005224535074863472,8.884875188697911e-05,814
SCM,0.01,True,False,treated__treated_lag_308,treated_lag,,-0.0005179850845482238,0.0005179850845482238,8.808884924441568e-05,815
SCM,0.01,True,False,treated__treated_lag_262,treated_lag,,0.0005178540401731381,0.0005178540401731381,8.806656376063324e-05,816
SCM,0.01,True,False,treated__treated_lag_297,treated_lag,,0.000501483187566161,0.000501483187566161,8.528252690259065e-05,817
SCM,0.01,True,False,treated__treated_lag_201,treated_lag,,-0.0004972561760030806,0.0004972561760030806,8.456367882097194e-05,818
SCM,0.01,True,False,netconsumption_70__donor_lag_6,donor_lag,netconsumption_70,0.00046999130269141393,0.00046999130269141393,7.992699837115892e-05,819
SCM,0.01,True,False,netconsumption_82__donor_lag_3,donor_lag,netconsumption_82,0.00046942749937433194,0.00046942749937433194,7.983111764624335e-05,820
SCM,0.01,True,False,treated__treated_lag_118,treated_lag,,0.0004648950469816277,0.0004648950469816277,7.906032611683736e-05,821
SCM,0.01,True,False,treated__treated_lag_85,treated_lag,,-0.00045690039901317503,0.00045690039901317503,7.770075156408856e-05,822
SCM,0.01,True,False,treated__treated_lag_146,treated_lag,,0.00045586932204420925,0.00045586932204420925,7.75254060061024e-05,823
SCM,0.01,True,False,treated__treated_lag_37,treated_lag,,-0.0004534168366549633,0.0004534168366549633,7.710833489310724e-05,824
SCM,0.01,True,False,treated__treated_lag_301,treated_lag,,0.00044974826795052096,0.00044974826795052096,7.648445593367686e-05,825
SCM,0.01,True,False,netconsumption_223,current_donor,netconsumption_223,-0.00043658394480435014,0.00043658394480435014,7.424572336855056e-05,826
SCM,0.01,True,False,treated__treated_lag_335,treated_lag,,0.00043123619023666127,0.00043123619023666127,7.333628106999451e-05,827
SCM,0.01,True,False,treated__treated_lag_103,treated_lag,,-0.0004298323969679969,0.0004298323969679969,7.30975511580675e-05,828
SCM,0.01,True,False,treated__treated_lag_298,treated_lag,,-0.0004121386478804145,0.0004121386478804145,7.008854174362855e-05,829
SCM,0.01,True,False,treated__treated_lag_182,treated_lag,,-0.0004054580585235888,0.0004054580585235888,6.895243677406069e-05,830
SCM,0.01,True,False,netconsumption_165__donor_lag_14,donor_lag,netconsumption_165,0.00039782021166642235,0.00039782021166642235,6.765354002891662e-05,831
SCM,0.01,True,False,treated__treated_lag_77,treated_lag,,-0.000395883537449676,0.000395883537449676,6.732418806839962e-05,832
SCM,0.01,True,False,treated__treated_lag_328,treated_lag,,0.0003849616946801082,0.0003849616946801082,6.546681303985263e-05,833
SCM,0.01,True,False,treated__treated_lag_189,treated_lag,,0.0003724399607112922,0.0003724399607112922,6.333735956954712e-05,834
SCM,0.01,True,False,treated__treated_lag_272,treated_lag,,-0.00036507207378636735,0.00036507207378636735,6.208437236983716e-05,835
SCM,0.01,True,False,netconsumption_61,current_donor,netconsumption_61,-0.0003637305531323902,0.0003637305531323902,6.185623257552333e-05,836
SCM,0.01,True,False,treated__treated_lag_106,treated_lag,,0.00036278265348295164,0.00036278265348295164,6.169503220159547e-05,837
SCM,0.01,True,False,netconsumption_34__donor_lag_14,donor_lag,netconsumption_34,0.00036259040236959715,0.00036259040236959715,6.166233786377275e-05,838
SCM,0.01,True,False,treated__treated_lag_78,treated_lag,,-0.00035598768202929794,0.00035598768202929794,6.053947534512138e-05,839
SCM,0.01,True,False,netconsumption_292__donor_lag_14,donor_lag,netconsumption_292,-0.00035501926825547495,0.00035501926825547495,6.037478632709124e-05,840
SCM,0.01,True,False,netconsumption_121__donor_lag_18,donor_lag,netconsumption_121,0.00034782009946255493,0.00034782009946255493,5.915049143250419e-05,841
SCM,0.01,True,False,treated__treated_lag_219,treated_lag,,-0.00034703277702246606,0.00034703277702246606,5.901659891358692e-05,842
SCM,0.01,True,False,treated__treated_lag_76,treated_lag,,0.00034618853001293446,0.00034618853001293446,5.88730257687877e-05,843
SCM,0.01,True,False,treated__treated_lag_248,treated_lag,,-0.00034404571698933364,0.00034404571698933364,5.8508617721093484e-05,844
SCM,0.01,True,False,treated__treated_lag_230,treated_lag,,-0.0003422886683711679,0.0003422886683711679,5.8209812995903954e-05,845
SCM,0.01,True,False,treated__treated_lag_304,treated_lag,,0.0003415060203917075,0.0003415060203917075,5.807671541852049e-05,846
SCM,0.01,True,False,treated__treated_lag_154,treated_lag,,-0.00033642268844640867,0.00033642268844640867,5.7212240987216545e-05,847
SCM,0.01,True,False,treated__treated_lag_222,treated_lag,,-0.0003296190104569814,0.0003296190104569814,5.605520349212934e-05,848
SCM,0.01,True,False,treated__treated_lag_86,treated_lag,,0.0003277292088623039,0.0003277292088623039,5.573382271739025e-05,849
SCM,0.01,True,False,treated__treated_lag_258,treated_lag,,0.0003231177520569735,0.0003231177520569735,5.4949595650936823e-05,850
SCM,0.01,True,False,treated__treated_lag_132,treated_lag,,-0.00032218707345756537,0.00032218707345756537,5.479132389894271e-05,851
SCM,0.01,True,False,treated__treated_lag_185,treated_lag,,0.000319601165261388,0.000319601165261388,5.435156282464143e-05,852
SCM,0.01,True,False,treated__treated_lag_175,treated_lag,,-0.000314996996056003,0.000314996996056003,5.356857509173658e-05,853
SCM,0.01,True,False,treated__treated_lag_120,treated_lag,,-0.0002895883418326502,0.0002895883418326502,4.924756435580672e-05,854
SCM,0.01,True,False,treated__treated_lag_279,treated_lag,,-0.0002790089772635902,0.0002790089772635902,4.7448431372202685e-05,855
SCM,0.01,True,False,netconsumption_134__donor_lag_14,donor_lag,netconsumption_134,0.0002730111494163557,0.0002730111494163557,4.642843722798941e-05,856
SCM,0.01,True,False,treated__treated_lag_167,treated_lag,,0.000265004858620688,0.000265004858620688,4.506688268917168e-05,857
SCM,0.01,True,False,treated__treated_lag_282,treated_lag,,0.0002627154691315463,0.0002627154691315463,4.467754776122361e-05,858
SCM,0.01,True,False,netconsumption_76__donor_lag_23,donor_lag,netconsumption_76,0.0002623057985467088,0.0002623057985467088,4.460787893973796e-05,859
SCM,0.01,True,False,treated__treated_lag_80,treated_lag,,0.00025245304393701584,0.00025245304393701584,4.2932313674741104e-05,860
SCM,0.01,True,False,treated__treated_lag_105,treated_lag,,-0.00024826918719333436,0.00024826918719333436,4.2220804527183635e-05,861
SCM,0.01,True,False,treated__treated_lag_68,treated_lag,,0.0002455826932937389,0.0002455826932937389,4.1763937788783416e-05,862
SCM,0.01,True,False,treated__treated_lag_149,treated_lag,,-0.00024346369794546333,0.00024346369794546333,4.1403580189014565e-05,863
SCM,0.01,True,False,netconsumption_199,current_donor,netconsumption_199,0.00024253638442147188,0.00024253638442147188,4.1245880703732214e-05,864
SCM,0.01,True,False,treated__treated_lag_261,treated_lag,,0.00023407927084548568,0.00023407927084548568,3.9807658976773214e-05,865
SCM,0.01,True,False,treated__treated_lag_199,treated_lag,,-0.00022653513601509907,0.00022653513601509907,3.8524698954221445e-05,866
SCM,0.01,True,False,treated__treated_lag_56,treated_lag,,0.00022628571384121878,0.00022628571384121878,3.848228207209767e-05,867
SCM,0.01,True,False,netconsumption_146__donor_lag_3,donor_lag,netconsumption_146,0.00022139919614275194,0.00022139919614275194,3.765127798778925e-05,868
SCM,0.01,True,False,netconsumption_238__donor_lag_3,donor_lag,netconsumption_238,0.00022126699011137778,0.00022126699011137778,3.762879495205266e-05,869
SCM,0.01,True,False,treated__treated_lag_198,treated_lag,,-0.00022040536769819125,0.00022040536769819125,3.7482266935851195e-05,870
SCM,0.01,True,False,treated__treated_lag_186,treated_lag,,0.0002199922398288586,0.0002199922398288586,3.7412010166523466e-05,871
SCM,0.01,True,False,treated__treated_lag_334,treated_lag,,0.00021936997261765012,0.00021936997261765012,3.730618703726155e-05,872
SCM,0.01,True,False,netconsumption_234__donor_lag_11,donor_lag,netconsumption_234,0.00021749271936724254,0.00021749271936724254,3.6986940241356285e-05,873
SCM,0.01,True,False,treated__treated_lag_250,treated_lag,,-0.0002161953925376523,0.0002161953925376523,3.676631607490527e-05,874
SCM,0.01,True,False,netconsumption_216__donor_lag_3,donor_lag,netconsumption_216,0.00021536150420795215,0.00021536150420795215,3.66245045333129e-05,875
SCM,0.01,True,False,treated__treated_lag_281,treated_lag,,0.0002111626902007828,0.0002111626902007828,3.591045174469743e-05,876
SCM,0.01,True,False,treated__treated_lag_249,treated_lag,,-0.00020743055559595985,0.00020743055559595985,3.5275762730725425e-05,877
SCM,0.01,True,False,treated__treated_lag_160,treated_lag,,0.00020297665817739204,0.00020297665817739204,3.451833030659201e-05,878
SCM,0.01,True,False,treated__treated_lag_174,treated_lag,,-0.00019236882234771385,0.00019236882234771385,3.271435548360068e-05,879
SCM,0.01,True,False,treated__treated_lag_205,treated_lag,,-0.0001897104464267732,0.0001897104464267732,3.226227050524852e-05,880
SCM,0.01,True,False,netconsumption_106,current_donor,netconsumption_106,0.0001871289624930106,0.0001871289624930106,3.182326182362513e-05,881
SCM,0.01,True,False,treated__treated_lag_177,treated_lag,,0.00018630549540218574,0.00018630549540218574,3.168322252406755e-05,882
SCM,0.01,True,False,netconsumption_97__donor_lag_3,donor_lag,netconsumption_97,0.0001816372486283871,0.0001816372486283871,3.088933772205334e-05,883
SCM,0.01,True,False,netconsumption_245__donor_lag_3,donor_lag,netconsumption_245,-0.00018038018782046313,0.00018038018782046313,3.067556121901589e-05,884
SCM,0.01,True,False,treated__treated_lag_151,treated_lag,,0.00015839279695903288,0.00015839279695903288,2.6936372549983367e-05,885
SCM,0.01,True,False,netconsumption_181,current_donor,netconsumption_181,-0.00015780716003372525,0.00015780716003372525,2.6836778788764585e-05,886
SCM,0.01,True,False,treated__treated_lag_311,treated_lag,,-0.0001481480960387029,0.0001481480960387029,2.519415266403401e-05,887
SCM,0.01,True,False,treated__treated_lag_210,treated_lag,,-0.00014659302652836673,0.00014659302652836673,2.4929696625150063e-05,888
SCM,0.01,True,False,treated__treated_lag_243,treated_lag,,-0.00014643998023846022,0.00014643998023846022,2.490366948274547e-05,889
SCM,0.01,True,False,treated__treated_lag_161,treated_lag,,0.00014062358275098536,0.00014062358275098536,2.3914529492611122e-05,890
SCM,0.01,True,False,treated__treated_lag_238,treated_lag,,0.0001400797708318545,0.0001400797708318545,2.3822048516632023e-05,891
SCM,0.01,True,False,treated__treated_lag_233,treated_lag,,0.00013959184395049423,0.00013959184395049423,2.3739071383165083e-05,892
SCM,0.01,True,False,netconsumption_25__donor_lag_3,donor_lag,netconsumption_25,0.00013748189554028647,0.00013748189554028647,2.338025231102444e-05,893
SCM,0.01,True,False,treated__treated_lag_162,treated_lag,,0.00012739970312923175,0.00012739970312923175,2.1665668718091064e-05,894
SCM,0.01,True,False,netconsumption_92,current_donor,netconsumption_92,-0.00012720806663659573,0.00012720806663659573,2.163307890303053e-05,895
SCM,0.01,True,False,netconsumption_128__donor_lag_14,donor_lag,netconsumption_128,-0.00012059442124575173,0.00012059442124575173,2.050835846383448e-05,896
SCM,0.01,True,False,netconsumption_145,current_donor,netconsumption_145,0.0001202937908159063,0.0001202937908159063,2.0457233075473083e-05,897
SCM,0.01,True,False,treated__treated_lag_62,treated_lag,,0.0001194676877756427,0.0001194676877756427,2.031674550479795e-05,898
SCM,0.01,True,False,treated__treated_lag_259,treated_lag,,-0.00011943984410125433,0.00011943984410125433,2.0312010393095365e-05,899
SCM,0.01,True,False,treated__treated_lag_71,treated_lag,,-0.00011721673715760586,0.00011721673715760586,1.9933947513960413e-05,900
SCM,0.01,True,False,treated__treated_lag_218,treated_lag,,0.00011530152370895787,0.00011530152370895787,1.9608245184334504e-05,901
SCM,0.01,True,False,treated__treated_lag_202,treated_lag,,0.00011515893080963138,0.00011515893080963138,1.9583995751702578e-05,902
SCM,0.01,True,False,netconsumption_252,current_donor,netconsumption_252,0.00010983928355724239,0.00010983928355724239,1.8679333399778158e-05,903
SCM,0.01,True,False,treated__treated_lag_67,treated_lag,,0.00010882053389276868,0.00010882053389276868,1.850608423047072e-05,904
SCM,0.01,True,False,netconsumption_87,current_donor,netconsumption_87,0.00010872314634563507,0.00010872314634563507,1.8489522446717394e-05,905
SCM,0.01,True,False,netconsumption_267,current_donor,netconsumption_267,-0.00010608774919401015,0.00010608774919401015,1.8041345251439416e-05,906
SCM,0.01,True,False,treated__treated_lag_247,treated_lag,,0.0001043017356809426,0.0001043017356809426,1.7737614739124923e-05,907
SCM,0.01,True,False,treated__treated_lag_104,treated_lag,,9.931608529686496e-05,9.931608529686496e-05,1.6889752091783597e-05,908
SCM,0.01,True,False,treated__treated_lag_75,treated_lag,,-9.459241213141505e-05,9.459241213141505e-05,1.6086441444887025e-05,909
SCM,0.01,True,False,treated__treated_lag_178,treated_lag,,9.372374894732428e-05,9.372374894732428e-05,1.5938716071029426e-05,910
SCM,0.01,True,False,treated__treated_lag_330,treated_lag,,-7.85735424224665e-05,7.85735424224665e-05,1.3362263006258384e-05,911
SCM,0.01,True,False,treated__treated_lag_66,treated_lag,,7.788729147669869e-05,7.788729147669869e-05,1.3245558765327772e-05,912
SCM,0.01,True,False,treated__treated_lag_223,treated_lag,,7.625837521594084e-05,7.625837521594084e-05,1.296854430447544e-05,913
SCM,0.01,True,False,netconsumption_115__donor_lag_3,donor_lag,netconsumption_115,-7.260968950826424e-05,7.260968950826424e-05,1.234804665921196e-05,914
SCM,0.01,True,False,treated__treated_lag_293,treated_lag,,7.230429978950098e-05,7.230429978950098e-05,1.2296111903367795e-05,915
SCM,0.01,True,False,treated__treated_lag_127,treated_lag,,-7.158997438643823e-05,7.158997438643823e-05,1.2174633303657279e-05,916
SCM,0.01,True,False,treated__treated_lag_139,treated_lag,,7.081794896178668e-05,7.081794896178668e-05,1.20433422042151e-05,917
SCM,0.01,True,False,treated__treated_lag_156,treated_lag,,6.16417066965501e-05,6.16417066965501e-05,1.0482825027861142e-05,918
SCM,0.01,True,False,treated__treated_lag_296,treated_lag,,6.038270093788227e-05,6.038270093788227e-05,1.0268717765352087e-05,919
SCM,0.01,True,False,treated__treated_lag_313,treated_lag,,-5.964254781847759e-05,5.964254781847759e-05,1.0142846888954385e-05,920
SCM,0.01,True,False,treated__treated_lag_110,treated_lag,,4.926812221664641e-05,4.926812221664641e-05,8.378565947092567e-06,921
SCM,0.01,True,False,treated__treated_lag_73,treated_lag,,4.641005010369982e-05,4.641005010369982e-05,7.892520516447388e-06,922
SCM,0.01,True,False,netconsumption_170__donor_lag_24,donor_lag,netconsumption_170,-4.5658628125805345e-05,4.5658628125805345e-05,7.764733251322914e-06,923
SCM,0.01,True,False,treated__treated_lag_39,treated_lag,,4.0051695236111885e-05,4.0051695236111885e-05,6.811214934334039e-06,924
SCM,0.01,True,False,treated__treated_lag_134,treated_lag,,-3.7851942272114705e-05,3.7851942272114705e-05,6.437123646764417e-06,925
SCM,0.01,True,False,treated__treated_lag_309,treated_lag,,3.274570726971224e-05,3.274570726971224e-05,5.568754308049774e-06,926
SCM,0.01,True,False,treated__treated_lag_163,treated_lag,,-3.084457511795232e-05,3.084457511795232e-05,5.245446652084827e-06,927
SCM,0.01,True,False,treated__treated_lag_53,treated_lag,,-2.2643320230077407e-05,2.2643320230077407e-05,3.850736404659195e-06,928
SCM,0.01,True,False,treated__treated_lag_232,treated_lag,,-1.779867793201724e-05,1.779867793201724e-05,3.0268536756629494e-06,929
SCM,0.01,True,False,treated__treated_lag_333,treated_lag,,-1.355419395632218e-05,1.355419395632218e-05,2.30503422524105e-06,930
SCM,0.01,True,False,treated__treated_lag_283,treated_lag,,1.1792741834285025e-05,1.1792741834285025e-05,2.005480637583756e-06,931
SCM,0.01,True,False,netconsumption_6,current_donor,netconsumption_6,-9.57043997380086e-06,9.57043997380086e-06,1.627554671366964e-06,932
SCM,0.01,True,False,treated__treated_lag_172,treated_lag,,4.577207675729119e-06,4.577207675729119e-06,7.784026392562027e-07,933
SCM,0.01,True,False,treated__treated_lag_242,treated_lag,,2.7663349791082203e-07,2.7663349791082203e-07,4.7044455951227526e-08,934
